Speed,Steering,Raycast_0,Raycast_1,Raycast_2,Raycast_3,Raycast_4,Raycast_5,Raycast_6,Raycast_7,Raycast_8,Raycast_9,Raycast_10,Raycast_11,Raycast_12,Raycast_13,Raycast_14,Raycast_15,Raycast_16,Raycast_17,Raycast_18,Raycast_19,Raycast_20,Raycast_21,Raycast_22,Raycast_23,Raycast_24,Raycast_25,Raycast_26,Raycast_27,Raycast_28,Raycast_29,Raycast_30,Raycast_31,Raycast_32,Raycast_33,Raycast_34,Raycast_35,Raycast_36,Raycast_37,Raycast_38,Raycast_39,Raycast_40,Raycast_41,Raycast_42,Raycast_43,Raycast_44,Raycast_45,Raycast_46,Raycast_47,Raycast_48,Raycast_49
0.5236213263344218,0,304.0,310.0,304.0,304.0,304.0,304.0,304.0,355.0,304.0,304.0,304.0,304.0,304.0,304.0,304.0,304.0,304.0,304.0,304.0,304.0,139.0,155.0,304.0,304.0,304.0,304.0,304.0,304.0,304.0,304.0,304.0,304.0,304.0,304.0,304.0,304.0,304.0,304.0,304.0,304.0,304.0,304.0,304.0,304.0,304.0,304.0,304.0,304.0,304.0,304.0
0.48423718985564745,0,304.0,304.0,304.0,304.0,304.0,304.0,304.0,304.0,304.0,304.0,304.0,304.0,304.0,304.0,304.0,304.0,304.0,304.0,304.0,304.0,304.0,304.0,304.0,304.0,304.0,304.0,304.0,304.0,304.0,304.0,304.0,304.0,304.0,304.0,304.0,304.0,304.0,304.0,304.0,304.0,304.0,304.0,304.0,304.0,304.0,304.0,304.0,304.0,304.0,304.0
0.48423718985564745,-0.10281685842463455,304.0,304.0,304.0,304.0,304.0,304.0,304.0,304.0,304.0,304.0,304.0,304.0,304.0,304.0,304.0,304.0,304.0,304.0,304.0,304.0,116.0,139.0,175.0,304.0,304.0,304.0,304.0,304.0,304.0,304.0,304.0,304.0,304.0,304.0,304.0,304.0,304.0,304.0,304.0,304.0,304.0,304.0,304.0,304.0,304.0,304.0,304.0,304.0,304.0,304.0
0.45274208807641836,-0.5692007202368237,304.0,304.0,304.0,304.0,304.0,304.0,304.0,304.0,304.0,304.0,304.0,304.0,304.0,304.0,304.0,304.0,304.0,304.0,304.0,304.0,102.0,304.0,153.0,304.0,304.0,304.0,304.0,304.0,304.0,304.0,304.0,304.0,304.0,304.0,304.0,304.0,304.0,304.0,304.0,304.0,304.0,304.0,304.0,304.0,304.0,304.0,304.0,304.0,304.0,304.0
0.4684896389660329,-0.6008178960539567,304.0,304.0,304.0,304.0,304.0,52.0,45.0,40.0,37.0,29.0,27.0,26.0,28.0,304.0,304.0,304.0,304.0,304.0,32.0,36.0,39.0,49.0,61.0,304.0,304.0,304.0,304.0,304.0,304.0,304.0,304.0,304.0,304.0,304.0,304.0,304.0,304.0,304.0,304.0,304.0,304.0,304.0,304.0,304.0,304.0,304.0,304.0,304.0,304.0,304.0
0.45274208807641836,-0.6008178960539567,304.0,304.0,124.0,304.0,304.0,304.0,34.0,30.0,27.0,26.0,24.0,24.0,24.0,24.0,24.0,25.0,26.0,304.0,304.0,304.0,304.0,304.0,304.0,304.0,304.0,304.0,304.0,304.0,304.0,304.0,304.0,304.0,304.0,304.0,304.0,304.0,304.0,304.0,304.0,304.0,304.0,304.0,304.0,304.0,304.0,304.0,304.0,304.0,304.0,304.0
0.45274208807641836,-0.6403393658253731,304.0,304.0,91.0,62.0,304.0,304.0,304.0,304.0,304.0,304.0,304.0,304.0,304.0,304.0,304.0,304.0,304.0,304.0,304.0,304.0,304.0,304.0,304.0,304.0,304.0,304.0,304.0,304.0,304.0,304.0,304.0,304.0,304.0,304.0,304.0,304.0,304.0,304.0,304.0,304.0,304.0,304.0,304.0,304.0,304.0,304.0,304.0,304.0,304.0,304.0
0.4684896389660329,-0.7510299996948149,304.0,243.0,107.0,51.0,35.0,31.0,34.0,304.0,304.0,304.0,304.0,304.0,304.0,304.0,304.0,304.0,304.0,304.0,304.0,304.0,304.0,304.0,304.0,304.0,304.0,304.0,304.0,304.0,304.0,304.0,304.0,304.0,304.0,304.0,304.0,304.0,304.0,304.0,304.0,304.0,304.0,304.0,304.0,304.0,304.0,304.0,304.0,304.0,304.0,304.0
0.45274208807641836,-0.7668385876033814,304.0,212.0,91.0,56.0,43.0,36.0,29.0,25.0,20.0,20.0,20.0,20.0,20.0,20.0,20.0,304.0,304.0,304.0,304.0,304.0,304.0,304.0,48.0,304.0,304.0,304.0,304.0,304.0,304.0,304.0,304.0,304.0,304.0,304.0,304.0,304.0,304.0,304.0,304.0,304.0,304.0,304.0,304.0,304.0,304.0,304.0,304.0,304.0,304.0,304.0
0.45274208807641836,-0.7747428815576647,304.0,200.0,83.0,46.0,39.0,33.0,304.0,304.0,304.0,304.0,304.0,304.0,16.0,16.0,16.0,16.0,17.0,19.0,21.0,24.0,28.0,35.0,48.0,304.0,304.0,304.0,304.0,304.0,304.0,304.0,304.0,304.0,304.0,304.0,304.0,304.0,304.0,304.0,304.0,304.0,304.0,304.0,304.0,304.0,304.0,304.0,304.0,304.0,304.0,304.0
0.45274208807641836,-0.7747428815576647,304.0,304.0,304.0,304.0,304.0,304.0,304.0,304.0,304.0,304.0,304.0,304.0,304.0,304.0,304.0,304.0,304.0,304.0,304.0,304.0,304.0,304.0,304.0,304.0,304.0,304.0,304.0,304.0,304.0,304.0,304.0,304.0,304.0,304.0,304.0,304.0,304.0,304.0,304.0,304.0,304.0,304.0,304.0,304.0,304.0,304.0,304.0,304.0,304.0,304.0
0.45274208807641836,-0.7905514694662312,304.0,304.0,154.0,67.0,50.0,47.0,34.0,25.0,24.0,26.0,24.0,20.0,24.0,24.0,24.0,25.0,304.0,304.0,304.0,304.0,304.0,304.0,304.0,304.0,304.0,304.0,304.0,304.0,304.0,304.0,304.0,304.0,304.0,304.0,304.0,304.0,304.0,304.0,304.0,304.0,304.0,304.0,304.0,304.0,304.0,304.0,304.0,304.0,304.0,304.0
0.45274208807641836,-0.6561479537339396,304.0,304.0,304.0,304.0,304.0,304.0,304.0,304.0,304.0,304.0,304.0,304.0,304.0,304.0,304.0,304.0,304.0,304.0,304.0,304.0,304.0,304.0,304.0,304.0,304.0,304.0,304.0,304.0,304.0,304.0,304.0,304.0,304.0,304.0,304.0,304.0,304.0,304.0,304.0,304.0,304.0,304.0,304.0,304.0,304.0,304.0,304.0,304.0,304.0,304.0
0.4684896389660329,0,304.0,304.0,304.0,304.0,161.0,120.0,304.0,304.0,304.0,304.0,304.0,304.0,304.0,304.0,304.0,304.0,304.0,304.0,304.0,304.0,304.0,304.0,304.0,304.0,304.0,304.0,304.0,304.0,304.0,304.0,304.0,304.0,304.0,304.0,304.0,304.0,304.0,304.0,304.0,304.0,304.0,304.0,304.0,304.0,304.0,304.0,304.0,304.0,304.0,304.0
0.48423718985564745,-0.6008178960539567,304.0,304.0,304.0,304.0,304.0,304.0,304.0,117.0,101.0,89.0,81.0,76.0,74.0,72.0,71.0,70.0,72.0,75.0,79.0,85.0,96.0,109.0,304.0,304.0,304.0,304.0,304.0,304.0,304.0,304.0,304.0,304.0,304.0,304.0,304.0,304.0,304.0,304.0,304.0,304.0,304.0,304.0,304.0,304.0,304.0,304.0,304.0,304.0,304.0,304.0
0.5236213263344218,0,304.0,304.0,304.0,304.0,304.0,304.0,304.0,122.0,102.0,91.0,83.0,76.0,73.0,70.0,69.0,70.0,72.0,72.0,77.0,82.0,91.0,107.0,128.0,163.0,304.0,304.0,304.0,304.0,304.0,304.0,304.0,304.0,304.0,304.0,304.0,304.0,304.0,304.0,304.0,304.0,304.0,304.0,304.0,304.0,304.0,304.0,304.0,304.0,304.0,304.0
0.5236213263344218,-0.28461561937314983,304.0,304.0,288.0,304.0,304.0,373.0,304.0,304.0,304.0,304.0,304.0,304.0,304.0,96.0,94.0,93.0,94.0,97.0,304.0,110.0,123.0,140.0,304.0,304.0,304.0,304.0,304.0,304.0,304.0,304.0,304.0,304.0,304.0,304.0,304.0,304.0,304.0,304.0,304.0,304.0,304.0,304.0,304.0,304.0,304.0,304.0,304.0,304.0,304.0,304.0
0.5511795403912473,0,304.0,304.0,280.0,232.0,304.0,304.0,304.0,304.0,304.0,304.0,304.0,304.0,304.0,100.0,98.0,97.0,99.0,102.0,107.0,113.0,126.0,141.0,164.0,304.0,304.0,304.0,304.0,304.0,304.0,304.0,304.0,304.0,304.0,304.0,304.0,304.0,304.0,304.0,304.0,304.0,304.0,304.0,304.0,304.0,304.0,304.0,304.0,304.0,304.0,304.0
0.5511795403912473,0,304.0,304.0,265.0,218.0,304.0,304.0,286.0,304.0,304.0,304.0,304.0,304.0,304.0,304.0,304.0,304.0,110.0,114.0,118.0,128.0,138.0,155.0,181.0,304.0,304.0,304.0,304.0,304.0,304.0,304.0,304.0,304.0,304.0,304.0,304.0,304.0,304.0,304.0,304.0,304.0,304.0,304.0,304.0,304.0,304.0,304.0,304.0,304.0,304.0,304.0
0.5511795403912473,-0.23718985564745018,304.0,304.0,257.0,211.0,183.0,304.0,304.0,304.0,304.0,304.0,304.0,304.0,304.0,304.0,304.0,304.0,304.0,116.0,123.0,132.0,142.0,160.0,183.0,304.0,304.0,304.0,304.0,304.0,304.0,304.0,304.0,304.0,304.0,304.0,304.0,304.0,304.0,304.0,304.0,304.0,304.0,304.0,304.0,304.0,304.0,304.0,304.0,304.0,304.0,304.0
0.5944853053376873,0,304.0,304.0,257.0,211.0,182.0,304.0,373.0,304.0,304.0,304.0,304.0,304.0,304.0,304.0,304.0,304.0,304.0,304.0,129.0,138.0,151.0,169.0,194.0,304.0,304.0,304.0,304.0,304.0,304.0,304.0,304.0,304.0,304.0,304.0,304.0,304.0,304.0,304.0,304.0,304.0,304.0,304.0,304.0,304.0,304.0,304.0,304.0,304.0,304.0,304.0
0.5944853053376873,0,304.0,306.0,239.0,195.0,170.0,153.0,138.0,304.0,304.0,304.0,304.0,304.0,304.0,304.0,304.0,304.0,304.0,304.0,304.0,304.0,171.0,192.0,225.0,304.0,304.0,304.0,304.0,304.0,304.0,304.0,304.0,304.0,304.0,304.0,304.0,304.0,304.0,304.0,304.0,304.0,304.0,304.0,304.0,304.0,304.0,304.0,304.0,304.0,304.0,304.0
0.5944853053376873,0,304.0,302.0,233.0,193.0,168.0,149.0,137.0,304.0,304.0,304.0,304.0,304.0,304.0,304.0,304.0,304.0,304.0,304.0,304.0,304.0,178.0,201.0,239.0,289.0,304.0,304.0,304.0,304.0,304.0,304.0,304.0,304.0,304.0,304.0,304.0,304.0,304.0,304.0,304.0,304.0,304.0,304.0,304.0,304.0,304.0,304.0,304.0,304.0,304.0,304.0
0.5826746421704764,0,304.0,287.0,220.0,184.0,160.0,143.0,131.0,304.0,273.0,304.0,304.0,304.0,304.0,304.0,304.0,304.0,304.0,304.0,304.0,304.0,304.0,210.0,251.0,311.0,304.0,304.0,304.0,304.0,304.0,304.0,304.0,304.0,304.0,304.0,304.0,304.0,304.0,304.0,304.0,304.0,304.0,304.0,304.0,304.0,304.0,304.0,304.0,304.0,304.0,304.0
0.5669270912808618,0,304.0,259.0,202.0,168.0,147.0,133.0,123.0,369.0,282.0,304.0,304.0,304.0,304.0,304.0,304.0,304.0,304.0,304.0,304.0,304.0,175.0,206.0,251.0,320.0,304.0,304.0,304.0,304.0,304.0,304.0,304.0,304.0,304.0,304.0,304.0,304.0,304.0,304.0,304.0,304.0,304.0,304.0,304.0,304.0,304.0,304.0,304.0,304.0,304.0,304.0
0.5669270912808618,0,304.0,230.0,186.0,155.0,135.0,122.0,111.0,304.0,304.0,304.0,304.0,304.0,304.0,304.0,304.0,304.0,304.0,304.0,304.0,304.0,304.0,201.0,251.0,325.0,304.0,304.0,304.0,304.0,304.0,304.0,304.0,304.0,304.0,304.0,304.0,304.0,304.0,304.0,304.0,304.0,304.0,304.0,304.0,304.0,304.0,304.0,304.0,304.0,304.0,304.0
0.5826746421704764,0.38734092226935635,299.0,216.0,173.0,147.0,127.0,116.0,105.0,304.0,304.0,304.0,304.0,304.0,304.0,304.0,304.0,304.0,108.0,304.0,304.0,304.0,304.0,201.0,251.0,304.0,304.0,304.0,304.0,304.0,304.0,304.0,304.0,304.0,304.0,304.0,304.0,304.0,304.0,304.0,304.0,304.0,304.0,304.0,304.0,304.0,304.0,304.0,304.0,304.0,304.0,299.0
0.5511795403912473,0,266.0,196.0,157.0,131.0,117.0,129.0,304.0,304.0,304.0,304.0,304.0,304.0,304.0,304.0,304.0,304.0,304.0,111.0,304.0,304.0,304.0,304.0,249.0,304.0,304.0,304.0,304.0,304.0,304.0,304.0,304.0,304.0,304.0,304.0,304.0,304.0,304.0,304.0,304.0,304.0,304.0,304.0,304.0,304.0,304.0,304.0,304.0,304.0,304.0,266.0
0.5669270912808618,0,304.0,242.0,288.0,304.0,304.0,304.0,304.0,304.0,107.0,304.0,304.0,304.0,304.0,304.0,304.0,304.0,304.0,304.0,304.0,304.0,149.0,304.0,222.0,299.0,304.0,304.0,304.0,304.0,304.0,304.0,304.0,304.0,304.0,304.0,304.0,304.0,304.0,304.0,304.0,304.0,304.0,304.0,304.0,304.0,304.0,304.0,304.0,304.0,304.0,304.0
0.5669270912808618,0,304.0,252.0,265.0,304.0,304.0,304.0,304.0,121.0,304.0,304.0,304.0,304.0,304.0,304.0,304.0,304.0,304.0,304.0,304.0,206.0,149.0,178.0,224.0,295.0,304.0,304.0,304.0,304.0,304.0,304.0,304.0,304.0,304.0,304.0,304.0,304.0,304.0,304.0,304.0,304.0,304.0,304.0,304.0,304.0,304.0,304.0,304.0,304.0,304.0,304.0
0.5944853053376873,0,304.0,304.0,304.0,304.0,304.0,304.0,304.0,304.0,304.0,304.0,304.0,304.0,88.0,88.0,90.0,304.0,304.0,304.0,304.0,304.0,145.0,173.0,220.0,295.0,304.0,304.0,304.0,304.0,304.0,304.0,304.0,304.0,304.0,304.0,304.0,304.0,304.0,304.0,304.0,304.0,304.0,304.0,304.0,304.0,304.0,304.0,304.0,304.0,304.0,304.0
0.5944853053376873,0,290.0,304.0,304.0,304.0,178.0,304.0,304.0,304.0,102.0,93.0,89.0,87.0,304.0,304.0,86.0,87.0,93.0,304.0,107.0,304.0,304.0,304.0,213.0,297.0,304.0,304.0,304.0,304.0,304.0,304.0,304.0,304.0,304.0,304.0,304.0,304.0,304.0,304.0,304.0,304.0,304.0,304.0,304.0,304.0,304.0,304.0,304.0,304.0,304.0,290.0
0.5669270912808618,0,319.0,304.0,304.0,222.0,304.0,304.0,120.0,107.0,98.0,89.0,85.0,83.0,80.0,80.0,82.0,85.0,87.0,92.0,102.0,113.0,131.0,160.0,203.0,278.0,304.0,304.0,304.0,304.0,304.0,304.0,304.0,304.0,304.0,304.0,304.0,304.0,304.0,304.0,304.0,304.0,304.0,304.0,304.0,304.0,304.0,304.0,304.0,304.0,304.0,319.0
0.5511795403912473,-0.10281685842463455,304.0,304.0,304.0,211.0,161.0,133.0,111.0,99.0,88.0,83.0,79.0,76.0,74.0,74.0,75.0,76.0,81.0,85.0,93.0,104.0,120.0,141.0,181.0,257.0,304.0,304.0,304.0,304.0,304.0,304.0,304.0,304.0,304.0,304.0,304.0,304.0,304.0,304.0,304.0,304.0,304.0,304.0,304.0,304.0,304.0,304.0,304.0,304.0,304.0,304.0
0.5511795403912473,-0.30042420728171637,304.0,304.0,304.0,194.0,145.0,119.0,100.0,89.0,81.0,74.0,70.0,68.0,66.0,66.0,67.0,70.0,72.0,77.0,83.0,92.0,105.0,127.0,156.0,219.0,304.0,304.0,304.0,304.0,304.0,304.0,304.0,304.0,304.0,304.0,304.0,304.0,304.0,304.0,304.0,304.0,304.0,304.0,304.0,304.0,304.0,304.0,304.0,304.0,304.0,304.0
0.5826746421704764,-0.347880489516892,304.0,304.0,249.0,168.0,125.0,99.0,85.0,73.0,67.0,63.0,58.0,56.0,54.0,54.0,55.0,57.0,58.0,63.0,69.0,76.0,87.0,104.0,126.0,173.0,277.0,304.0,304.0,304.0,304.0,304.0,304.0,304.0,304.0,304.0,304.0,304.0,304.0,304.0,304.0,304.0,304.0,304.0,304.0,304.0,304.0,304.0,304.0,304.0,304.0,304.0
0.5826746421704764,-0.347880489516892,304.0,304.0,233.0,152.0,113.0,89.0,77.0,66.0,58.0,54.0,52.0,48.0,48.0,48.0,47.0,48.0,51.0,55.0,59.0,64.0,72.0,89.0,112.0,152.0,227.0,304.0,304.0,304.0,304.0,304.0,304.0,304.0,304.0,304.0,304.0,304.0,304.0,304.0,304.0,304.0,304.0,304.0,304.0,304.0,304.0,304.0,304.0,304.0,304.0,304.0
0.5669270912808618,-0.5533921323282571,304.0,304.0,217.0,142.0,104.0,86.0,71.0,63.0,55.0,50.0,47.0,46.0,46.0,44.0,45.0,46.0,48.0,50.0,53.0,58.0,65.0,77.0,99.0,131.0,203.0,304.0,304.0,304.0,304.0,304.0,304.0,304.0,304.0,304.0,304.0,304.0,304.0,304.0,304.0,304.0,304.0,304.0,304.0,304.0,304.0,304.0,304.0,304.0,304.0,304.0
0.5511795403912473,-0.7905514694662312,304.0,304.0,202.0,136.0,100.0,79.0,65.0,55.0,51.0,48.0,43.0,42.0,42.0,42.0,41.0,42.0,44.0,46.0,50.0,54.0,63.0,77.0,93.0,124.0,178.0,304.0,304.0,304.0,304.0,304.0,304.0,304.0,304.0,304.0,304.0,304.0,304.0,304.0,304.0,304.0,304.0,304.0,304.0,304.0,304.0,304.0,304.0,304.0,304.0,304.0
0.5669270912808618,-0.5929136020996735,304.0,306.0,154.0,104.0,80.0,66.0,57.0,48.0,44.0,41.0,39.0,38.0,38.0,38.0,38.0,38.0,40.0,42.0,45.0,49.0,55.0,65.0,80.0,110.0,172.0,304.0,304.0,304.0,304.0,304.0,304.0,304.0,304.0,304.0,304.0,304.0,304.0,304.0,304.0,304.0,304.0,304.0,304.0,304.0,304.0,304.0,304.0,304.0,304.0,304.0
0.5669270912808618,-0.5929136020996735,304.0,306.0,107.0,72.0,51.0,42.0,36.0,35.0,32.0,30.0,29.0,26.0,26.0,26.0,26.0,27.0,29.0,31.0,34.0,39.0,43.0,54.0,73.0,304.0,304.0,304.0,304.0,304.0,304.0,304.0,304.0,304.0,304.0,304.0,304.0,304.0,304.0,304.0,304.0,304.0,304.0,304.0,304.0,304.0,304.0,304.0,304.0,304.0,304.0,304.0
0.5669270912808618,-0.5771050141911069,304.0,304.0,304.0,304.0,304.0,304.0,304.0,368.0,304.0,304.0,304.0,304.0,304.0,304.0,304.0,304.0,304.0,304.0,304.0,304.0,304.0,304.0,304.0,304.0,304.0,304.0,304.0,304.0,304.0,304.0,304.0,304.0,304.0,304.0,304.0,304.0,304.0,304.0,304.0,304.0,304.0,304.0,304.0,304.0,304.0,304.0,304.0,304.0,304.0,304.0
0.5669270912808618,-0.3715933713797418,304.0,304.0,304.0,304.0,304.0,304.0,304.0,304.0,304.0,304.0,304.0,304.0,304.0,304.0,304.0,304.0,304.0,304.0,304.0,304.0,304.0,304.0,304.0,304.0,158.0,304.0,304.0,304.0,304.0,304.0,304.0,304.0,304.0,304.0,304.0,304.0,304.0,304.0,304.0,304.0,304.0,304.0,304.0,304.0,304.0,304.0,304.0,304.0,304.0,304.0
0.5669270912808618,0,304.0,304.0,304.0,304.0,304.0,304.0,259.0,304.0,186.0,304.0,304.0,304.0,304.0,304.0,304.0,304.0,304.0,304.0,304.0,304.0,304.0,304.0,304.0,304.0,304.0,304.0,304.0,304.0,304.0,304.0,304.0,304.0,304.0,304.0,304.0,304.0,304.0,304.0,304.0,304.0,304.0,304.0,304.0,304.0,304.0,304.0,304.0,304.0,304.0,304.0
0.6653492843409528,0,304.0,306.0,304.0,304.0,320.0,304.0,304.0,304.0,304.0,196.0,304.0,304.0,160.0,304.0,304.0,319.0,304.0,304.0,304.0,304.0,304.0,304.0,304.0,304.0,304.0,304.0,304.0,304.0,304.0,304.0,304.0,304.0,304.0,304.0,304.0,304.0,304.0,304.0,304.0,304.0,304.0,304.0,304.0,304.0,304.0,304.0,304.0,304.0,304.0,304.0
0.6653492843409528,0,304.0,304.0,304.0,304.0,304.0,304.0,304.0,304.0,304.0,304.0,304.0,304.0,304.0,162.0,304.0,304.0,304.0,304.0,304.0,304.0,304.0,304.0,304.0,304.0,304.0,304.0,304.0,304.0,304.0,304.0,304.0,304.0,304.0,304.0,304.0,304.0,304.0,304.0,304.0,304.0,304.0,304.0,304.0,304.0,304.0,304.0,304.0,304.0,304.0,304.0
0.6653492843409528,0.3161717581713309,304.0,304.0,304.0,304.0,304.0,352.0,429.0,304.0,304.0,304.0,304.0,190.0,304.0,304.0,164.0,304.0,359.0,304.0,304.0,304.0,304.0,304.0,304.0,304.0,295.0,304.0,304.0,304.0,304.0,304.0,304.0,304.0,304.0,304.0,304.0,304.0,304.0,304.0,304.0,304.0,304.0,304.0,304.0,304.0,304.0,304.0,304.0,304.0,304.0,304.0
0.6102328562273018,0,304.0,224.0,304.0,304.0,304.0,348.0,427.0,304.0,322.0,304.0,304.0,182.0,304.0,304.0,304.0,304.0,304.0,304.0,304.0,304.0,304.0,304.0,304.0,304.0,304.0,304.0,304.0,304.0,304.0,304.0,304.0,304.0,304.0,304.0,304.0,304.0,304.0,304.0,304.0,304.0,304.0,304.0,304.0,304.0,304.0,304.0,304.0,304.0,304.0,304.0
0.6102328562273018,0,304.0,237.0,178.0,147.0,128.0,113.0,104.0,98.0,93.0,91.0,89.0,89.0,92.0,96.0,304.0,304.0,363.0,304.0,304.0,304.0,304.0,304.0,304.0,294.0,304.0,304.0,304.0,304.0,304.0,304.0,304.0,304.0,304.0,304.0,304.0,304.0,304.0,304.0,304.0,304.0,304.0,304.0,304.0,304.0,304.0,304.0,304.0,304.0,304.0,304.0
0.6220435193945127,0.1185644093142491,304.0,259.0,200.0,163.0,141.0,126.0,114.0,107.0,102.0,304.0,304.0,166.0,304.0,304.0,304.0,347.0,304.0,304.0,304.0,304.0,304.0,304.0,304.0,267.0,304.0,304.0,304.0,304.0,304.0,304.0,304.0,304.0,304.0,304.0,304.0,304.0,304.0,304.0,304.0,304.0,304.0,304.0,304.0,304.0,304.0,304.0,304.0,304.0,304.0,304.0
0.6220435193945127,0,304.0,259.0,196.0,163.0,141.0,126.0,114.0,108.0,102.0,304.0,304.0,164.0,290.0,304.0,304.0,351.0,304.0,304.0,304.0,304.0,304.0,304.0,304.0,304.0,318.0,304.0,304.0,304.0,304.0,304.0,304.0,304.0,304.0,304.0,304.0,304.0,304.0,304.0,304.0,304.0,304.0,304.0,304.0,304.0,304.0,304.0,304.0,304.0,304.0,304.0
0.6220435193945127,0.2687459944456313,304.0,289.0,217.0,179.0,155.0,139.0,126.0,304.0,304.0,181.0,304.0,301.0,304.0,304.0,304.0,304.0,304.0,304.0,304.0,304.0,304.0,304.0,304.0,304.0,286.0,304.0,304.0,304.0,304.0,304.0,304.0,304.0,304.0,304.0,304.0,304.0,304.0,304.0,304.0,304.0,304.0,304.0,304.0,304.0,304.0,304.0,304.0,304.0,304.0,304.0
0.5944853053376873,0,304.0,274.0,209.0,174.0,304.0,133.0,304.0,304.0,304.0,304.0,304.0,304.0,304.0,304.0,304.0,304.0,304.0,304.0,304.0,304.0,304.0,304.0,304.0,304.0,309.0,304.0,304.0,304.0,304.0,304.0,304.0,304.0,304.0,304.0,304.0,304.0,304.0,304.0,304.0,304.0,304.0,304.0,304.0,304.0,304.0,304.0,304.0,304.0,304.0,304.0
0.6810968352305673,0,304.0,290.0,221.0,184.0,161.0,363.0,304.0,304.0,304.0,304.0,310.0,304.0,304.0,304.0,304.0,304.0,304.0,304.0,304.0,304.0,304.0,304.0,304.0,304.0,304.0,304.0,304.0,304.0,304.0,304.0,304.0,304.0,304.0,304.0,304.0,304.0,304.0,304.0,304.0,304.0,304.0,304.0,304.0,304.0,304.0,304.0,304.0,304.0,304.0,304.0
0.6535386211737418,0,304.0,285.0,217.0,304.0,304.0,367.0,304.0,304.0,304.0,304.0,235.0,304.0,304.0,304.0,304.0,304.0,304.0,304.0,304.0,304.0,304.0,304.0,304.0,304.0,304.0,304.0,304.0,304.0,304.0,304.0,304.0,304.0,304.0,304.0,304.0,304.0,304.0,304.0,304.0,304.0,304.0,304.0,304.0,304.0,304.0,304.0,304.0,304.0,304.0,304.0
0.6535386211737418,0,304.0,289.0,304.0,304.0,304.0,376.0,304.0,304.0,304.0,304.0,239.0,304.0,304.0,273.0,304.0,304.0,304.0,304.0,304.0,304.0,304.0,304.0,304.0,304.0,304.0,304.0,304.0,304.0,304.0,304.0,304.0,304.0,304.0,304.0,304.0,304.0,304.0,304.0,304.0,304.0,304.0,304.0,304.0,304.0,304.0,304.0,304.0,304.0,304.0,304.0
0.6535386211737418,0,304.0,290.0,304.0,304.0,304.0,304.0,275.0,304.0,304.0,304.0,243.0,304.0,304.0,304.0,304.0,304.0,304.0,304.0,304.0,304.0,304.0,304.0,304.0,304.0,304.0,304.0,304.0,304.0,304.0,304.0,304.0,304.0,304.0,304.0,304.0,304.0,304.0,304.0,304.0,304.0,304.0,304.0,304.0,304.0,304.0,304.0,304.0,304.0,304.0,304.0
0.6535386211737418,0,304.0,282.0,220.0,304.0,304.0,304.0,280.0,304.0,304.0,304.0,239.0,304.0,304.0,304.0,304.0,304.0,304.0,304.0,304.0,304.0,304.0,304.0,304.0,304.0,304.0,304.0,304.0,304.0,304.0,304.0,304.0,304.0,304.0,304.0,304.0,304.0,304.0,304.0,304.0,304.0,304.0,304.0,304.0,304.0,304.0,304.0,304.0,304.0,304.0,304.0
0.6810968352305673,0,304.0,304.0,304.0,304.0,304.0,304.0,304.0,304.0,304.0,304.0,243.0,304.0,304.0,304.0,304.0,304.0,304.0,304.0,304.0,304.0,304.0,304.0,304.0,304.0,304.0,304.0,304.0,304.0,304.0,304.0,304.0,304.0,304.0,304.0,304.0,304.0,304.0,304.0,304.0,304.0,304.0,304.0,304.0,304.0,304.0,304.0,304.0,304.0,304.0,304.0
0.6653492843409528,0,304.0,304.0,304.0,304.0,304.0,304.0,304.0,304.0,304.0,304.0,304.0,304.0,304.0,304.0,304.0,304.0,304.0,304.0,304.0,304.0,304.0,304.0,304.0,304.0,304.0,304.0,304.0,304.0,304.0,304.0,304.0,304.0,304.0,304.0,304.0,304.0,304.0,304.0,304.0,304.0,304.0,304.0,304.0,304.0,304.0,304.0,304.0,304.0,304.0,304.0
0.6535386211737418,0,304.0,304.0,304.0,304.0,304.0,304.0,304.0,304.0,304.0,304.0,250.0,304.0,304.0,304.0,304.0,304.0,304.0,304.0,304.0,304.0,304.0,304.0,304.0,304.0,304.0,304.0,304.0,304.0,304.0,304.0,304.0,304.0,304.0,304.0,304.0,304.0,304.0,304.0,304.0,304.0,304.0,304.0,304.0,304.0,304.0,304.0,304.0,304.0,304.0,304.0
0.6377910702841273,0,304.0,304.0,304.0,304.0,304.0,313.0,304.0,304.0,304.0,304.0,254.0,304.0,304.0,304.0,304.0,304.0,304.0,304.0,304.0,304.0,304.0,304.0,304.0,304.0,304.0,304.0,304.0,304.0,304.0,304.0,304.0,304.0,304.0,304.0,304.0,304.0,304.0,304.0,304.0,304.0,304.0,304.0,304.0,304.0,304.0,304.0,304.0,304.0,304.0,304.0
0.6653492843409528,0,304.0,304.0,304.0,304.0,304.0,304.0,304.0,304.0,304.0,304.0,261.0,304.0,304.0,304.0,304.0,304.0,304.0,304.0,304.0,304.0,304.0,304.0,304.0,304.0,304.0,304.0,304.0,304.0,304.0,304.0,304.0,304.0,304.0,304.0,304.0,304.0,304.0,304.0,304.0,304.0,304.0,304.0,304.0,304.0,304.0,304.0,304.0,304.0,304.0,304.0
0.6653492843409528,0,304.0,304.0,304.0,304.0,304.0,304.0,304.0,304.0,304.0,304.0,304.0,304.0,304.0,304.0,304.0,304.0,304.0,304.0,304.0,304.0,304.0,304.0,304.0,304.0,304.0,304.0,304.0,304.0,304.0,304.0,304.0,304.0,304.0,304.0,304.0,304.0,304.0,304.0,304.0,304.0,304.0,304.0,304.0,304.0,304.0,304.0,304.0,304.0,304.0,304.0
0.6377910702841273,0,304.0,304.0,304.0,304.0,304.0,304.0,304.0,304.0,304.0,304.0,304.0,304.0,304.0,304.0,304.0,304.0,304.0,304.0,304.0,304.0,304.0,304.0,304.0,304.0,304.0,304.0,304.0,304.0,304.0,304.0,304.0,304.0,304.0,304.0,304.0,304.0,304.0,304.0,304.0,304.0,304.0,304.0,304.0,304.0,304.0,304.0,304.0,304.0,304.0,304.0
0.6220435193945127,0,304.0,304.0,304.0,304.0,304.0,304.0,304.0,304.0,304.0,304.0,304.0,304.0,304.0,304.0,304.0,304.0,304.0,304.0,304.0,304.0,304.0,304.0,304.0,304.0,304.0,304.0,304.0,304.0,304.0,304.0,304.0,304.0,304.0,304.0,304.0,304.0,304.0,304.0,304.0,304.0,304.0,304.0,304.0,304.0,304.0,304.0,304.0,304.0,304.0,304.0
0.6220435193945127,0,304.0,304.0,304.0,304.0,304.0,304.0,304.0,304.0,304.0,304.0,304.0,304.0,304.0,304.0,304.0,304.0,304.0,304.0,304.0,304.0,304.0,304.0,304.0,304.0,304.0,304.0,304.0,304.0,304.0,304.0,304.0,304.0,304.0,304.0,304.0,304.0,304.0,304.0,304.0,304.0,304.0,304.0,304.0,304.0,304.0,304.0,304.0,304.0,304.0,304.0
0.6102328562273018,0,304.0,304.0,304.0,304.0,304.0,304.0,304.0,304.0,304.0,304.0,304.0,304.0,304.0,304.0,304.0,304.0,304.0,304.0,304.0,304.0,304.0,304.0,304.0,304.0,304.0,304.0,304.0,304.0,304.0,304.0,304.0,304.0,304.0,304.0,304.0,304.0,304.0,304.0,304.0,304.0,304.0,304.0,304.0,304.0,304.0,304.0,304.0,304.0,304.0,304.0
0.6220435193945127,0,304.0,304.0,304.0,304.0,304.0,304.0,304.0,304.0,304.0,304.0,304.0,304.0,304.0,304.0,304.0,304.0,304.0,304.0,304.0,304.0,123.0,304.0,304.0,304.0,304.0,304.0,304.0,304.0,304.0,304.0,304.0,304.0,304.0,304.0,304.0,304.0,304.0,304.0,304.0,304.0,304.0,304.0,304.0,304.0,304.0,304.0,304.0,304.0,304.0,304.0
0.6377910702841273,-0.1976683858760338,304.0,304.0,304.0,304.0,304.0,146.0,128.0,304.0,105.0,100.0,304.0,304.0,304.0,304.0,304.0,76.0,81.0,87.0,94.0,104.0,120.0,141.0,175.0,234.0,304.0,304.0,304.0,304.0,304.0,304.0,304.0,304.0,304.0,304.0,304.0,304.0,304.0,304.0,304.0,304.0,304.0,304.0,304.0,304.0,304.0,304.0,304.0,304.0,304.0,304.0
0.6377910702841273,-0.25299844355601675,304.0,304.0,304.0,304.0,304.0,146.0,304.0,86.0,79.0,304.0,68.0,66.0,64.0,64.0,65.0,65.0,69.0,72.0,80.0,88.0,101.0,118.0,150.0,304.0,274.0,304.0,304.0,304.0,304.0,304.0,304.0,304.0,304.0,304.0,304.0,304.0,304.0,304.0,304.0,304.0,304.0,304.0,304.0,304.0,304.0,304.0,304.0,304.0,304.0,304.0
0.6377910702841273,-0.4190191351054415,304.0,304.0,304.0,168.0,304.0,304.0,85.0,73.0,67.0,61.0,58.0,56.0,54.0,54.0,55.0,55.0,58.0,63.0,67.0,73.0,83.0,100.0,124.0,163.0,304.0,304.0,304.0,304.0,304.0,304.0,304.0,304.0,304.0,304.0,304.0,304.0,304.0,304.0,304.0,304.0,304.0,304.0,304.0,304.0,304.0,304.0,304.0,304.0,304.0,304.0
0.6377910702841273,-0.4980620746482742,304.0,304.0,233.0,147.0,113.0,95.0,74.0,63.0,58.0,52.0,50.0,46.0,46.0,46.0,45.0,46.0,49.0,50.0,56.0,61.0,68.0,86.0,105.0,142.0,304.0,304.0,304.0,304.0,304.0,304.0,304.0,304.0,304.0,304.0,304.0,304.0,304.0,304.0,304.0,304.0,304.0,304.0,304.0,304.0,304.0,304.0,304.0,304.0,304.0,304.0
0.6377910702841273,-0.4980620746482742,304.0,304.0,194.0,120.0,88.0,69.0,57.0,50.0,44.0,41.0,39.0,38.0,36.0,36.0,36.0,38.0,304.0,41.0,42.0,48.0,54.0,63.0,80.0,100.0,304.0,304.0,304.0,304.0,304.0,304.0,304.0,304.0,304.0,304.0,304.0,304.0,304.0,304.0,304.0,304.0,304.0,304.0,304.0,304.0,304.0,304.0,304.0,304.0,304.0,304.0
0.6377910702841273,-0.4980620746482742,304.0,304.0,209.0,131.0,96.0,76.0,65.0,55.0,51.0,48.0,304.0,42.0,40.0,40.0,41.0,40.0,42.0,43.0,48.0,54.0,61.0,72.0,90.0,121.0,304.0,304.0,304.0,304.0,304.0,304.0,304.0,304.0,304.0,304.0,304.0,304.0,304.0,304.0,304.0,304.0,304.0,304.0,304.0,304.0,304.0,304.0,304.0,304.0,304.0,304.0
0.6535386211737418,-0.4664448988311411,304.0,304.0,304.0,158.0,109.0,86.0,71.0,61.0,55.0,50.0,47.0,48.0,244.0,44.0,45.0,44.0,47.0,50.0,53.0,61.0,68.0,81.0,99.0,136.0,304.0,304.0,304.0,304.0,304.0,304.0,304.0,304.0,304.0,304.0,304.0,304.0,304.0,304.0,304.0,304.0,304.0,304.0,304.0,304.0,304.0,304.0,304.0,304.0,304.0,304.0
0.6377910702841273,-0.1976683858760338,304.0,304.0,304.0,304.0,304.0,304.0,304.0,304.0,304.0,304.0,304.0,304.0,304.0,304.0,304.0,304.0,304.0,304.0,304.0,304.0,304.0,304.0,304.0,304.0,304.0,304.0,304.0,304.0,304.0,304.0,304.0,304.0,304.0,304.0,304.0,304.0,304.0,304.0,304.0,304.0,304.0,304.0,304.0,304.0,304.0,304.0,304.0,304.0,304.0,304.0
0.6377910702841273,0,304.0,304.0,304.0,304.0,304.0,304.0,304.0,304.0,304.0,304.0,304.0,304.0,304.0,304.0,304.0,304.0,304.0,304.0,304.0,304.0,304.0,304.0,304.0,304.0,304.0,304.0,304.0,304.0,304.0,304.0,304.0,304.0,304.0,304.0,304.0,304.0,304.0,304.0,304.0,304.0,304.0,304.0,304.0,304.0,304.0,304.0,304.0,304.0,304.0,304.0
0.6102328562273018,-0.15024262215033418,304.0,304.0,304.0,304.0,304.0,304.0,304.0,304.0,304.0,304.0,304.0,304.0,304.0,304.0,304.0,304.0,304.0,304.0,304.0,304.0,304.0,304.0,304.0,304.0,304.0,304.0,304.0,304.0,304.0,304.0,304.0,304.0,304.0,304.0,304.0,304.0,304.0,304.0,304.0,304.0,304.0,304.0,304.0,304.0,304.0,304.0,304.0,304.0,304.0,304.0
0.6102328562273018,0,304.0,304.0,304.0,304.0,304.0,304.0,304.0,304.0,304.0,304.0,304.0,304.0,304.0,304.0,304.0,304.0,304.0,304.0,304.0,304.0,304.0,304.0,304.0,304.0,304.0,304.0,304.0,304.0,304.0,304.0,304.0,304.0,304.0,304.0,304.0,304.0,304.0,304.0,304.0,304.0,304.0,304.0,304.0,304.0,304.0,304.0,304.0,304.0,304.0,304.0
0.6220435193945127,-0.36368907742545853,304.0,304.0,304.0,304.0,304.0,304.0,304.0,304.0,304.0,304.0,304.0,304.0,304.0,304.0,304.0,304.0,304.0,304.0,304.0,304.0,304.0,304.0,304.0,304.0,304.0,304.0,304.0,304.0,304.0,304.0,304.0,304.0,304.0,304.0,304.0,304.0,304.0,304.0,304.0,304.0,304.0,304.0,304.0,304.0,304.0,304.0,304.0,304.0,304.0,304.0
0.6377910702841273,0,304.0,304.0,304.0,304.0,304.0,304.0,304.0,304.0,304.0,304.0,304.0,304.0,304.0,304.0,304.0,304.0,304.0,304.0,304.0,304.0,304.0,304.0,304.0,304.0,304.0,304.0,304.0,304.0,304.0,304.0,304.0,304.0,304.0,304.0,304.0,304.0,304.0,304.0,304.0,304.0,304.0,304.0,304.0,304.0,304.0,304.0,304.0,304.0,304.0,304.0
0.6220435193945127,-0.22138126773888364,304.0,304.0,304.0,304.0,304.0,304.0,304.0,304.0,304.0,304.0,304.0,304.0,304.0,304.0,304.0,304.0,304.0,304.0,304.0,304.0,304.0,304.0,304.0,304.0,304.0,304.0,304.0,304.0,304.0,304.0,304.0,304.0,304.0,304.0,304.0,304.0,304.0,304.0,304.0,304.0,304.0,304.0,304.0,304.0,304.0,304.0,304.0,304.0,304.0,304.0
0.6220435193945127,0,304.0,304.0,304.0,304.0,304.0,304.0,304.0,304.0,304.0,304.0,304.0,304.0,304.0,304.0,304.0,304.0,304.0,304.0,304.0,304.0,304.0,304.0,304.0,304.0,304.0,304.0,304.0,304.0,304.0,304.0,304.0,304.0,304.0,304.0,304.0,304.0,304.0,304.0,304.0,304.0,304.0,304.0,304.0,304.0,304.0,304.0,304.0,304.0,304.0,304.0
0.5393688772240364,-0.6166264839625233,304.0,304.0,304.0,304.0,304.0,304.0,304.0,304.0,304.0,304.0,304.0,304.0,304.0,304.0,304.0,304.0,304.0,304.0,304.0,304.0,304.0,304.0,304.0,304.0,304.0,304.0,304.0,304.0,304.0,304.0,304.0,304.0,304.0,304.0,304.0,304.0,304.0,304.0,304.0,304.0,304.0,304.0,304.0,304.0,304.0,304.0,304.0,304.0,304.0,304.0
0.5393688772240364,-0.6561479537339396,304.0,304.0,304.0,168.0,125.0,99.0,82.0,73.0,65.0,61.0,58.0,54.0,54.0,56.0,53.0,53.0,56.0,58.0,64.0,70.0,304.0,95.0,304.0,162.0,304.0,304.0,304.0,304.0,304.0,304.0,304.0,304.0,304.0,304.0,304.0,304.0,304.0,304.0,304.0,304.0,304.0,304.0,304.0,304.0,304.0,304.0,304.0,304.0,304.0,304.0
0.5826746421704764,0,304.0,304.0,218.0,147.0,304.0,92.0,80.0,71.0,65.0,61.0,304.0,304.0,52.0,52.0,51.0,53.0,54.0,58.0,64.0,70.0,304.0,95.0,118.0,304.0,304.0,304.0,304.0,304.0,304.0,304.0,304.0,304.0,304.0,304.0,304.0,304.0,304.0,304.0,304.0,304.0,304.0,304.0,304.0,304.0,304.0,304.0,304.0,304.0,304.0,304.0
0.5826746421704764,-0.4427320169682913,304.0,304.0,304.0,304.0,304.0,304.0,87.0,304.0,304.0,63.0,58.0,56.0,56.0,56.0,57.0,59.0,63.0,304.0,304.0,304.0,90.0,109.0,304.0,304.0,292.0,304.0,304.0,304.0,304.0,304.0,304.0,304.0,304.0,304.0,304.0,304.0,304.0,304.0,304.0,304.0,304.0,304.0,304.0,304.0,304.0,304.0,304.0,304.0,304.0,304.0
0.5826746421704764,-0.3953062532425916,304.0,304.0,188.0,304.0,96.0,79.0,68.0,61.0,55.0,52.0,50.0,46.0,46.0,46.0,45.0,46.0,49.0,53.0,59.0,304.0,304.0,90.0,304.0,152.0,246.0,304.0,304.0,304.0,304.0,304.0,304.0,304.0,304.0,304.0,304.0,304.0,304.0,304.0,304.0,304.0,304.0,304.0,304.0,304.0,304.0,304.0,304.0,304.0,304.0,304.0
0.5826746421704764,-0.837977233191931,304.0,321.0,170.0,115.0,88.0,69.0,59.0,53.0,48.0,43.0,41.0,40.0,40.0,40.0,41.0,42.0,44.0,46.0,50.0,58.0,68.0,81.0,99.0,136.0,232.0,304.0,304.0,304.0,304.0,304.0,304.0,304.0,304.0,304.0,304.0,304.0,304.0,304.0,304.0,304.0,304.0,304.0,304.0,304.0,304.0,304.0,304.0,304.0,304.0,304.0
0.5826746421704764,-0.95654164250618,304.0,290.0,146.0,94.0,72.0,59.0,51.0,45.0,41.0,37.0,35.0,34.0,34.0,34.0,34.0,34.0,35.0,38.0,42.0,48.0,57.0,67.0,86.0,121.0,214.0,304.0,304.0,304.0,304.0,304.0,304.0,304.0,304.0,304.0,304.0,304.0,304.0,304.0,304.0,304.0,304.0,304.0,304.0,304.0,304.0,304.0,304.0,304.0,304.0,304.0
0.5826746421704764,-0.837977233191931,304.0,304.0,162.0,104.0,76.0,62.0,54.0,48.0,41.0,39.0,37.0,36.0,36.0,36.0,36.0,36.0,38.0,41.0,45.0,51.0,57.0,72.0,92.0,127.0,304.0,304.0,304.0,304.0,304.0,304.0,304.0,304.0,304.0,304.0,304.0,304.0,304.0,304.0,304.0,304.0,304.0,304.0,304.0,304.0,304.0,304.0,304.0,304.0,304.0,304.0
0.5826746421704764,-0.7036042359691153,304.0,304.0,304.0,304.0,304.0,304.0,304.0,304.0,304.0,304.0,304.0,304.0,304.0,304.0,304.0,304.0,304.0,304.0,53.0,61.0,72.0,304.0,304.0,144.0,304.0,304.0,304.0,304.0,304.0,304.0,304.0,304.0,304.0,304.0,304.0,304.0,304.0,304.0,304.0,304.0,304.0,304.0,304.0,304.0,304.0,304.0,304.0,304.0,304.0,304.0
0.5826746421704764,-0.3241370891445662,304.0,304.0,304.0,304.0,304.0,304.0,370.0,304.0,304.0,304.0,304.0,304.0,304.0,304.0,304.0,304.0,304.0,304.0,304.0,304.0,304.0,304.0,304.0,304.0,304.0,304.0,304.0,304.0,304.0,304.0,304.0,304.0,304.0,304.0,304.0,304.0,304.0,304.0,304.0,304.0,304.0,304.0,304.0,304.0,304.0,304.0,304.0,304.0,304.0,304.0
0.5826746421704764,-0.5692007202368237,304.0,304.0,304.0,304.0,304.0,304.0,338.0,304.0,304.0,61.0,58.0,265.0,304.0,304.0,304.0,304.0,304.0,304.0,304.0,304.0,304.0,304.0,124.0,167.0,304.0,304.0,304.0,304.0,304.0,304.0,304.0,304.0,304.0,304.0,304.0,304.0,304.0,304.0,304.0,304.0,304.0,304.0,304.0,304.0,304.0,304.0,304.0,304.0,304.0,304.0
0.5826746421704764,0,304.0,304.0,304.0,304.0,304.0,304.0,264.0,304.0,304.0,304.0,304.0,261.0,304.0,73.0,304.0,304.0,304.0,304.0,86.0,99.0,109.0,127.0,304.0,304.0,304.0,304.0,304.0,304.0,304.0,304.0,304.0,304.0,304.0,304.0,304.0,304.0,304.0,304.0,304.0,304.0,304.0,304.0,304.0,304.0,304.0,304.0,304.0,304.0,304.0,304.0
0.5826746421704764,-0.23718985564745018,304.0,304.0,304.0,304.0,304.0,304.0,356.0,304.0,304.0,304.0,304.0,304.0,304.0,304.0,304.0,304.0,304.0,304.0,304.0,304.0,304.0,304.0,304.0,304.0,304.0,304.0,304.0,304.0,304.0,304.0,304.0,304.0,304.0,304.0,304.0,304.0,304.0,304.0,304.0,304.0,304.0,304.0,304.0,304.0,304.0,304.0,304.0,304.0,304.0,304.0
0.5944853053376873,0,304.0,304.0,304.0,304.0,304.0,304.0,304.0,304.0,304.0,304.0,158.0,304.0,304.0,304.0,304.0,304.0,304.0,304.0,304.0,304.0,304.0,304.0,304.0,304.0,304.0,304.0,304.0,304.0,304.0,304.0,304.0,304.0,304.0,304.0,304.0,304.0,304.0,304.0,304.0,304.0,304.0,304.0,304.0,304.0,304.0,304.0,304.0,304.0,304.0,304.0
0.6220435193945127,0.2924588763084811,304.0,304.0,304.0,304.0,304.0,304.0,114.0,304.0,304.0,96.0,304.0,304.0,304.0,304.0,304.0,304.0,304.0,304.0,304.0,304.0,304.0,304.0,304.0,304.0,304.0,304.0,304.0,304.0,304.0,304.0,304.0,304.0,304.0,304.0,304.0,304.0,304.0,304.0,304.0,304.0,304.0,304.0,304.0,304.0,304.0,304.0,304.0,304.0,304.0,304.0
0.6220435193945127,0.15808587908566546,304.0,304.0,304.0,148.0,304.0,304.0,103.0,304.0,304.0,304.0,83.0,81.0,82.0,304.0,304.0,304.0,349.0,304.0,304.0,304.0,304.0,219.0,304.0,304.0,304.0,304.0,304.0,304.0,304.0,304.0,304.0,304.0,304.0,304.0,304.0,304.0,304.0,304.0,304.0,304.0,304.0,304.0,304.0,304.0,304.0,304.0,304.0,304.0,304.0,304.0
0.5944853053376873,0,304.0,304.0,304.0,142.0,284.0,106.0,98.0,89.0,84.0,78.0,77.0,76.0,304.0,78.0,304.0,304.0,304.0,304.0,304.0,133.0,160.0,304.0,304.0,304.0,304.0,304.0,304.0,304.0,304.0,304.0,304.0,304.0,304.0,304.0,304.0,304.0,304.0,304.0,304.0,304.0,304.0,304.0,304.0,304.0,304.0,304.0,304.0,304.0,304.0,304.0
0.5944853053376873,0,304.0,232.0,173.0,142.0,117.0,102.0,91.0,84.0,79.0,304.0,304.0,72.0,304.0,74.0,304.0,80.0,304.0,94.0,109.0,304.0,304.0,196.0,304.0,304.0,304.0,304.0,304.0,304.0,304.0,304.0,304.0,304.0,304.0,304.0,304.0,304.0,304.0,304.0,304.0,304.0,304.0,304.0,304.0,304.0,304.0,304.0,304.0,304.0,304.0,304.0
0.5944853053376873,0.15808587908566546,304.0,212.0,161.0,126.0,104.0,92.0,82.0,76.0,72.0,69.0,304.0,304.0,68.0,68.0,69.0,74.0,78.0,87.0,96.0,116.0,142.0,183.0,270.0,304.0,304.0,304.0,304.0,304.0,304.0,304.0,304.0,304.0,304.0,304.0,304.0,304.0,304.0,304.0,304.0,304.0,304.0,304.0,304.0,304.0,304.0,304.0,304.0,304.0,304.0,304.0
0.5944853053376873,0.5612353892635884,304.0,180.0,123.0,99.0,84.0,74.0,68.0,61.0,58.0,56.0,56.0,54.0,54.0,56.0,57.0,61.0,65.0,72.0,80.0,95.0,116.0,155.0,232.0,304.0,304.0,304.0,304.0,304.0,304.0,304.0,304.0,304.0,304.0,304.0,304.0,304.0,304.0,304.0,304.0,304.0,304.0,304.0,304.0,304.0,304.0,304.0,304.0,304.0,304.0,304.0
0.5944853053376873,0.6560869167149876,304.0,118.0,91.0,72.0,64.0,56.0,51.0,45.0,41.0,41.0,39.0,38.0,38.0,40.0,41.0,42.0,47.0,50.0,59.0,70.0,87.0,118.0,175.0,304.0,304.0,304.0,304.0,304.0,304.0,304.0,304.0,304.0,304.0,304.0,304.0,304.0,304.0,304.0,304.0,304.0,304.0,304.0,304.0,304.0,304.0,304.0,304.0,304.0,304.0,304.0
0.5944853053376873,0.6560869167149876,304.0,121.0,77.0,62.0,51.0,45.0,39.0,38.0,34.0,34.0,33.0,32.0,34.0,34.0,34.0,38.0,40.0,46.0,50.0,61.0,76.0,100.0,156.0,304.0,304.0,304.0,304.0,304.0,304.0,304.0,304.0,304.0,304.0,304.0,304.0,304.0,304.0,304.0,304.0,304.0,304.0,304.0,304.0,304.0,304.0,304.0,304.0,304.0,304.0,304.0
0.5826746421704764,0.6718955046235542,223.0,118.0,83.0,67.0,56.0,49.0,44.0,40.0,39.0,37.0,36.0,36.0,36.0,38.0,38.0,42.0,44.0,50.0,59.0,70.0,90.0,127.0,207.0,304.0,304.0,304.0,304.0,304.0,304.0,304.0,304.0,304.0,304.0,304.0,304.0,304.0,304.0,304.0,304.0,304.0,304.0,304.0,304.0,304.0,304.0,304.0,304.0,304.0,304.0,223.0
0.5944853053376873,0.6323740348521378,304.0,304.0,100.0,83.0,72.0,62.0,57.0,53.0,51.0,48.0,47.0,46.0,48.0,48.0,53.0,55.0,60.0,65.0,75.0,88.0,112.0,160.0,277.0,304.0,304.0,304.0,304.0,304.0,304.0,304.0,304.0,304.0,304.0,304.0,304.0,304.0,304.0,304.0,304.0,304.0,304.0,304.0,304.0,304.0,304.0,304.0,304.0,304.0,304.0,304.0
0.5826746421704764,0,304.0,196.0,138.0,112.0,93.0,82.0,77.0,70.0,66.0,65.0,62.0,62.0,64.0,64.0,67.0,72.0,81.0,90.0,105.0,129.0,167.0,304.0,304.0,304.0,304.0,304.0,304.0,304.0,304.0,304.0,304.0,304.0,304.0,304.0,304.0,304.0,304.0,304.0,304.0,304.0,304.0,304.0,304.0,304.0,304.0,304.0,304.0,304.0,304.0,304.0
0.5826746421704764,0,304.0,241.0,178.0,143.0,124.0,109.0,100.0,92.0,88.0,85.0,83.0,85.0,86.0,88.0,94.0,100.0,108.0,304.0,304.0,304.0,304.0,304.0,304.0,304.0,304.0,304.0,304.0,304.0,304.0,304.0,304.0,304.0,304.0,304.0,304.0,304.0,304.0,304.0,304.0,304.0,304.0,304.0,304.0,304.0,304.0,304.0,304.0,304.0,304.0,304.0
0.5944853053376873,0.3003631702627644,304.0,273.0,208.0,168.0,145.0,127.0,117.0,109.0,105.0,304.0,304.0,257.0,304.0,304.0,304.0,304.0,304.0,304.0,304.0,304.0,304.0,304.0,304.0,304.0,304.0,304.0,304.0,304.0,304.0,304.0,304.0,304.0,304.0,304.0,304.0,304.0,304.0,304.0,304.0,304.0,304.0,304.0,304.0,304.0,304.0,304.0,304.0,304.0,304.0,304.0
0.6220435193945127,0,304.0,262.0,202.0,166.0,141.0,127.0,117.0,109.0,105.0,304.0,304.0,304.0,304.0,304.0,304.0,304.0,304.0,304.0,304.0,304.0,304.0,304.0,304.0,304.0,304.0,304.0,304.0,304.0,304.0,304.0,304.0,304.0,304.0,304.0,304.0,304.0,304.0,304.0,304.0,304.0,304.0,304.0,304.0,304.0,304.0,304.0,304.0,304.0,304.0,304.0
0.5826746421704764,0,304.0,273.0,209.0,172.0,149.0,134.0,123.0,304.0,304.0,104.0,304.0,304.0,304.0,304.0,304.0,304.0,304.0,304.0,304.0,304.0,189.0,201.0,304.0,304.0,304.0,304.0,304.0,304.0,304.0,304.0,304.0,304.0,304.0,304.0,304.0,304.0,304.0,304.0,304.0,304.0,304.0,304.0,304.0,304.0,304.0,304.0,304.0,304.0,304.0,304.0
0.5944853053376873,0,304.0,268.0,206.0,171.0,149.0,133.0,122.0,112.0,304.0,304.0,100.0,304.0,304.0,304.0,304.0,304.0,304.0,304.0,304.0,304.0,188.0,205.0,226.0,304.0,304.0,304.0,304.0,304.0,304.0,304.0,304.0,304.0,304.0,304.0,304.0,304.0,304.0,304.0,304.0,304.0,304.0,304.0,304.0,304.0,304.0,304.0,304.0,304.0,304.0,304.0
0.5944853053376873,0,304.0,280.0,217.0,182.0,153.0,136.0,123.0,114.0,109.0,304.0,304.0,304.0,304.0,304.0,304.0,304.0,304.0,304.0,304.0,304.0,175.0,304.0,208.0,304.0,304.0,304.0,304.0,304.0,304.0,304.0,304.0,304.0,304.0,304.0,304.0,304.0,304.0,304.0,304.0,304.0,304.0,304.0,304.0,304.0,304.0,304.0,304.0,304.0,304.0,304.0
0.5944853053376873,0.16599017303994873,304.0,286.0,217.0,179.0,152.0,133.0,123.0,114.0,109.0,104.0,304.0,304.0,304.0,304.0,304.0,304.0,304.0,304.0,304.0,304.0,304.0,304.0,304.0,304.0,304.0,304.0,304.0,304.0,304.0,304.0,304.0,304.0,304.0,304.0,304.0,304.0,304.0,304.0,304.0,304.0,304.0,304.0,304.0,304.0,304.0,304.0,304.0,304.0,304.0,304.0
0.5944853053376873,0,304.0,282.0,213.0,174.0,149.0,133.0,120.0,114.0,109.0,304.0,304.0,304.0,304.0,304.0,304.0,304.0,304.0,304.0,304.0,304.0,167.0,304.0,304.0,304.0,304.0,304.0,304.0,304.0,304.0,304.0,304.0,304.0,304.0,304.0,304.0,304.0,304.0,304.0,304.0,304.0,304.0,304.0,304.0,304.0,304.0,304.0,304.0,304.0,304.0,304.0
0.5944853053376873,0,304.0,290.0,217.0,179.0,153.0,136.0,126.0,117.0,112.0,304.0,304.0,304.0,304.0,304.0,304.0,304.0,304.0,304.0,304.0,150.0,164.0,183.0,304.0,304.0,304.0,304.0,304.0,304.0,304.0,304.0,304.0,304.0,304.0,304.0,304.0,304.0,304.0,304.0,304.0,304.0,304.0,304.0,304.0,304.0,304.0,304.0,304.0,304.0,304.0,304.0
0.5944853053376873,0,304.0,280.0,217.0,179.0,153.0,139.0,126.0,119.0,350.0,304.0,304.0,304.0,304.0,304.0,304.0,304.0,304.0,304.0,304.0,147.0,164.0,183.0,304.0,304.0,304.0,304.0,304.0,304.0,304.0,304.0,304.0,304.0,304.0,304.0,304.0,304.0,304.0,304.0,304.0,304.0,304.0,304.0,304.0,304.0,304.0,304.0,304.0,304.0,304.0,304.0
0.5944853053376873,0,304.0,304.0,209.0,174.0,153.0,136.0,126.0,119.0,304.0,304.0,304.0,304.0,304.0,304.0,304.0,304.0,304.0,304.0,304.0,147.0,160.0,183.0,304.0,304.0,304.0,304.0,304.0,304.0,304.0,304.0,304.0,304.0,304.0,304.0,304.0,304.0,304.0,304.0,304.0,304.0,304.0,304.0,304.0,304.0,304.0,304.0,304.0,304.0,304.0,304.0
0.6377910702841273,0,304.0,304.0,205.0,173.0,149.0,136.0,126.0,304.0,304.0,304.0,304.0,304.0,304.0,304.0,304.0,304.0,304.0,304.0,304.0,147.0,162.0,183.0,213.0,304.0,304.0,304.0,304.0,304.0,304.0,304.0,304.0,304.0,304.0,304.0,304.0,304.0,304.0,304.0,304.0,304.0,304.0,304.0,304.0,304.0,304.0,304.0,304.0,304.0,304.0,304.0
0.6102328562273018,0,304.0,304.0,203.0,169.0,149.0,134.0,126.0,304.0,304.0,304.0,304.0,304.0,304.0,304.0,304.0,304.0,304.0,304.0,304.0,149.0,163.0,183.0,213.0,304.0,304.0,304.0,304.0,304.0,304.0,304.0,304.0,304.0,304.0,304.0,304.0,304.0,304.0,304.0,304.0,304.0,304.0,304.0,304.0,304.0,304.0,304.0,304.0,304.0,304.0,304.0
0.5669270912808618,0,304.0,243.0,192.0,163.0,141.0,130.0,304.0,304.0,304.0,304.0,304.0,304.0,304.0,304.0,304.0,304.0,304.0,304.0,304.0,304.0,304.0,173.0,200.0,254.0,304.0,304.0,304.0,304.0,304.0,304.0,304.0,304.0,304.0,304.0,304.0,304.0,304.0,304.0,304.0,304.0,304.0,304.0,304.0,304.0,304.0,304.0,304.0,304.0,304.0,304.0
0.5669270912808618,0,314.0,216.0,174.0,147.0,304.0,304.0,304.0,304.0,304.0,304.0,304.0,304.0,304.0,304.0,304.0,304.0,304.0,304.0,304.0,304.0,304.0,169.0,194.0,237.0,304.0,304.0,304.0,304.0,304.0,304.0,304.0,304.0,304.0,304.0,304.0,304.0,304.0,304.0,304.0,304.0,304.0,304.0,304.0,304.0,304.0,304.0,304.0,304.0,304.0,314.0
0.5944853053376873,0,312.0,216.0,174.0,304.0,304.0,304.0,304.0,304.0,304.0,304.0,304.0,304.0,304.0,304.0,304.0,304.0,304.0,304.0,304.0,304.0,150.0,175.0,201.0,246.0,320.0,304.0,304.0,304.0,304.0,304.0,304.0,304.0,304.0,304.0,304.0,304.0,304.0,304.0,304.0,304.0,304.0,304.0,304.0,304.0,304.0,304.0,304.0,304.0,304.0,312.0
0.5669270912808618,0,304.0,304.0,304.0,304.0,304.0,304.0,304.0,304.0,304.0,304.0,304.0,304.0,304.0,304.0,304.0,304.0,304.0,304.0,304.0,304.0,145.0,304.0,203.0,246.0,320.0,304.0,304.0,304.0,304.0,304.0,304.0,304.0,304.0,304.0,304.0,304.0,304.0,304.0,304.0,304.0,304.0,304.0,304.0,304.0,304.0,304.0,304.0,304.0,304.0,304.0
0.5511795403912473,0,313.0,224.0,304.0,304.0,304.0,304.0,304.0,304.0,304.0,304.0,304.0,304.0,304.0,304.0,304.0,304.0,304.0,304.0,304.0,304.0,304.0,304.0,214.0,262.0,304.0,304.0,304.0,304.0,304.0,304.0,304.0,304.0,304.0,304.0,304.0,304.0,304.0,304.0,304.0,304.0,304.0,304.0,304.0,304.0,304.0,304.0,304.0,304.0,304.0,313.0
0.5669270912808618,0,304.0,304.0,304.0,304.0,304.0,304.0,304.0,304.0,304.0,304.0,304.0,304.0,304.0,304.0,304.0,304.0,304.0,304.0,304.0,135.0,154.0,304.0,230.0,288.0,304.0,304.0,304.0,304.0,304.0,304.0,304.0,304.0,304.0,304.0,304.0,304.0,304.0,304.0,304.0,304.0,304.0,304.0,304.0,304.0,304.0,304.0,304.0,304.0,304.0,304.0
0.5669270912808618,0,304.0,304.0,304.0,304.0,304.0,304.0,304.0,304.0,304.0,304.0,91.0,89.0,88.0,304.0,304.0,304.0,304.0,304.0,304.0,304.0,145.0,173.0,304.0,287.0,304.0,304.0,304.0,304.0,304.0,304.0,304.0,304.0,304.0,304.0,304.0,304.0,304.0,304.0,304.0,304.0,304.0,304.0,304.0,304.0,304.0,304.0,304.0,304.0,304.0,304.0
0.5669270912808618,-0.23718985564745018,304.0,304.0,304.0,304.0,304.0,304.0,304.0,304.0,304.0,304.0,304.0,81.0,80.0,80.0,82.0,84.0,304.0,94.0,304.0,304.0,134.0,160.0,200.0,267.0,304.0,304.0,304.0,304.0,304.0,304.0,304.0,304.0,304.0,304.0,304.0,304.0,304.0,304.0,304.0,304.0,304.0,304.0,304.0,304.0,304.0,304.0,304.0,304.0,304.0,304.0
0.5669270912808618,-0.3953062532425916,304.0,304.0,304.0,304.0,304.0,304.0,304.0,304.0,304.0,78.0,75.0,72.0,72.0,70.0,71.0,74.0,76.0,82.0,91.0,103.0,120.0,141.0,179.0,246.0,304.0,304.0,304.0,304.0,304.0,304.0,304.0,304.0,304.0,304.0,304.0,304.0,304.0,304.0,304.0,304.0,304.0,304.0,304.0,304.0,304.0,304.0,304.0,304.0,304.0,304.0
0.5826746421704764,-0.3953062532425916,304.0,304.0,304.0,168.0,304.0,106.0,91.0,81.0,304.0,304.0,304.0,62.0,62.0,60.0,61.0,63.0,67.0,70.0,77.0,85.0,101.0,123.0,162.0,215.0,304.0,304.0,304.0,304.0,304.0,304.0,304.0,304.0,304.0,304.0,304.0,304.0,304.0,304.0,304.0,304.0,304.0,304.0,304.0,304.0,304.0,304.0,304.0,304.0,304.0,304.0
0.5826746421704764,-0.5692007202368237,304.0,304.0,225.0,152.0,113.0,92.0,80.0,68.0,62.0,58.0,56.0,54.0,56.0,304.0,304.0,55.0,58.0,63.0,69.0,79.0,90.0,109.0,137.0,194.0,304.0,304.0,304.0,304.0,304.0,304.0,304.0,304.0,304.0,304.0,304.0,304.0,304.0,304.0,304.0,304.0,304.0,304.0,304.0,304.0,304.0,304.0,304.0,304.0,304.0,304.0
0.5826746421704764,-0.837977233191931,304.0,304.0,209.0,142.0,109.0,89.0,304.0,66.0,58.0,54.0,52.0,48.0,48.0,48.0,49.0,48.0,51.0,55.0,64.0,304.0,304.0,95.0,118.0,173.0,297.0,304.0,304.0,304.0,304.0,304.0,304.0,304.0,304.0,304.0,304.0,304.0,304.0,304.0,304.0,304.0,304.0,304.0,304.0,304.0,304.0,304.0,304.0,304.0,304.0,304.0
0.5826746421704764,-1.0,304.0,306.0,304.0,115.0,88.0,79.0,68.0,61.0,51.0,48.0,43.0,42.0,42.0,42.0,41.0,42.0,44.0,48.0,53.0,58.0,68.0,81.0,105.0,142.0,258.0,304.0,304.0,304.0,304.0,304.0,304.0,304.0,304.0,304.0,304.0,304.0,304.0,304.0,304.0,304.0,304.0,304.0,304.0,304.0,304.0,304.0,304.0,304.0,304.0,304.0
0.5826746421704764,-1.0,304.0,306.0,138.0,94.0,72.0,62.0,54.0,45.0,41.0,41.0,39.0,40.0,36.0,36.0,36.0,36.0,38.0,41.0,45.0,51.0,61.0,72.0,99.0,142.0,304.0,304.0,304.0,304.0,304.0,304.0,304.0,304.0,304.0,304.0,304.0,304.0,304.0,304.0,304.0,304.0,304.0,304.0,304.0,304.0,304.0,304.0,304.0,304.0,304.0,304.0
0.5826746421704764,-1.0,304.0,304.0,186.0,115.0,80.0,62.0,54.0,48.0,46.0,43.0,41.0,36.0,36.0,34.0,34.0,36.0,38.0,41.0,42.0,48.0,54.0,67.0,86.0,127.0,304.0,304.0,304.0,304.0,304.0,304.0,304.0,304.0,304.0,304.0,304.0,304.0,304.0,304.0,304.0,304.0,304.0,304.0,304.0,304.0,304.0,304.0,304.0,304.0,304.0,304.0
0.6102328562273018,-1.0,304.0,304.0,304.0,168.0,304.0,92.0,304.0,304.0,55.0,52.0,50.0,48.0,304.0,44.0,45.0,46.0,304.0,304.0,53.0,61.0,304.0,304.0,99.0,304.0,304.0,304.0,304.0,304.0,304.0,304.0,304.0,304.0,304.0,304.0,304.0,304.0,304.0,304.0,304.0,304.0,304.0,304.0,304.0,304.0,304.0,304.0,304.0,304.0,304.0,304.0
0.6102328562273018,0,304.0,304.0,304.0,304.0,304.0,304.0,304.0,304.0,304.0,304.0,304.0,304.0,304.0,304.0,304.0,304.0,304.0,304.0,304.0,304.0,304.0,304.0,304.0,304.0,304.0,304.0,304.0,304.0,304.0,304.0,304.0,304.0,304.0,304.0,304.0,304.0,304.0,304.0,304.0,304.0,304.0,304.0,304.0,304.0,304.0,304.0,304.0,304.0,304.0,304.0
0.6220435193945127,0,304.0,304.0,304.0,304.0,304.0,304.0,304.0,299.0,304.0,304.0,304.0,304.0,304.0,304.0,304.0,304.0,304.0,304.0,304.0,304.0,304.0,304.0,304.0,304.0,304.0,304.0,304.0,304.0,304.0,304.0,304.0,304.0,304.0,304.0,304.0,304.0,304.0,304.0,304.0,304.0,304.0,304.0,304.0,304.0,304.0,304.0,304.0,304.0,304.0,304.0
0.6220435193945127,-0.38740195928830834,304.0,321.0,264.0,227.0,304.0,304.0,304.0,304.0,304.0,304.0,304.0,304.0,304.0,304.0,304.0,304.0,304.0,111.0,118.0,127.0,142.0,164.0,194.0,254.0,304.0,304.0,304.0,304.0,304.0,304.0,304.0,304.0,304.0,304.0,304.0,304.0,304.0,304.0,304.0,304.0,304.0,304.0,304.0,304.0,304.0,304.0,304.0,304.0,304.0,304.0
0.6220435193945127,0,304.0,321.0,265.0,227.0,200.0,304.0,304.0,304.0,304.0,304.0,304.0,304.0,304.0,304.0,304.0,304.0,108.0,111.0,118.0,129.0,142.0,164.0,194.0,250.0,304.0,304.0,304.0,304.0,304.0,304.0,304.0,304.0,304.0,304.0,304.0,304.0,304.0,304.0,304.0,304.0,304.0,304.0,304.0,304.0,304.0,304.0,304.0,304.0,304.0,304.0
0.6653492843409528,0,304.0,289.0,235.0,201.0,178.0,304.0,321.0,304.0,304.0,304.0,304.0,304.0,304.0,304.0,304.0,304.0,304.0,304.0,129.0,140.0,304.0,178.0,212.0,267.0,304.0,304.0,304.0,304.0,304.0,304.0,304.0,304.0,304.0,304.0,304.0,304.0,304.0,304.0,304.0,304.0,304.0,304.0,304.0,304.0,304.0,304.0,304.0,304.0,304.0,304.0
0.6653492843409528,0,304.0,251.0,206.0,179.0,157.0,143.0,133.0,304.0,304.0,304.0,304.0,304.0,304.0,304.0,304.0,304.0,304.0,304.0,304.0,304.0,171.0,304.0,237.0,299.0,304.0,304.0,304.0,304.0,304.0,304.0,304.0,304.0,304.0,304.0,304.0,304.0,304.0,304.0,304.0,304.0,304.0,304.0,304.0,304.0,304.0,304.0,304.0,304.0,304.0,304.0
0.6102328562273018,0,304.0,250.0,203.0,174.0,154.0,142.0,131.0,304.0,304.0,304.0,304.0,304.0,304.0,304.0,304.0,304.0,304.0,304.0,304.0,304.0,304.0,206.0,247.0,317.0,304.0,304.0,304.0,304.0,304.0,304.0,304.0,304.0,304.0,304.0,304.0,304.0,304.0,304.0,304.0,304.0,304.0,304.0,304.0,304.0,304.0,304.0,304.0,304.0,304.0,304.0
0.6102328562273018,0,304.0,247.0,202.0,171.0,153.0,139.0,128.0,122.0,304.0,304.0,304.0,304.0,304.0,304.0,304.0,304.0,304.0,304.0,304.0,304.0,304.0,217.0,264.0,304.0,304.0,304.0,304.0,304.0,304.0,304.0,304.0,304.0,304.0,304.0,304.0,304.0,304.0,304.0,304.0,304.0,304.0,304.0,304.0,304.0,304.0,304.0,304.0,304.0,304.0,304.0
0.6102328562273018,0,303.0,227.0,186.0,161.0,142.0,129.0,122.0,114.0,304.0,304.0,304.0,304.0,304.0,304.0,304.0,304.0,304.0,304.0,304.0,304.0,182.0,304.0,270.0,304.0,304.0,304.0,304.0,304.0,304.0,304.0,304.0,304.0,304.0,304.0,304.0,304.0,304.0,304.0,304.0,304.0,304.0,304.0,304.0,304.0,304.0,304.0,304.0,304.0,304.0,303.0
0.6220435193945127,0,277.0,212.0,174.0,150.0,133.0,123.0,114.0,109.0,273.0,304.0,304.0,105.0,304.0,304.0,304.0,304.0,304.0,304.0,304.0,304.0,304.0,215.0,270.0,304.0,304.0,304.0,304.0,304.0,304.0,304.0,304.0,304.0,304.0,304.0,304.0,304.0,304.0,304.0,304.0,304.0,304.0,304.0,304.0,304.0,304.0,304.0,304.0,304.0,304.0,277.0
0.6220435193945127,0.2687459944456313,245.0,185.0,154.0,135.0,121.0,109.0,103.0,99.0,285.0,304.0,304.0,304.0,304.0,304.0,304.0,304.0,304.0,304.0,304.0,304.0,304.0,304.0,264.0,304.0,304.0,304.0,304.0,304.0,304.0,304.0,304.0,304.0,304.0,304.0,304.0,304.0,304.0,304.0,304.0,304.0,304.0,304.0,304.0,304.0,304.0,304.0,304.0,304.0,304.0,245.0
0.6102328562273018,0,211.0,165.0,138.0,120.0,109.0,99.0,94.0,91.0,304.0,304.0,304.0,304.0,304.0,304.0,304.0,304.0,304.0,304.0,304.0,304.0,304.0,304.0,264.0,304.0,304.0,304.0,304.0,304.0,304.0,304.0,304.0,304.0,304.0,304.0,304.0,304.0,304.0,304.0,304.0,304.0,304.0,304.0,304.0,304.0,304.0,304.0,304.0,304.0,304.0,211.0
0.5944853053376873,0,219.0,169.0,142.0,125.0,113.0,128.0,304.0,304.0,294.0,304.0,304.0,97.0,96.0,96.0,304.0,304.0,304.0,304.0,304.0,304.0,304.0,304.0,251.0,304.0,304.0,304.0,304.0,304.0,304.0,304.0,304.0,304.0,304.0,304.0,304.0,304.0,304.0,304.0,304.0,304.0,304.0,304.0,304.0,304.0,304.0,304.0,304.0,304.0,304.0,219.0
0.6220435193945127,0,251.0,195.0,163.0,190.0,304.0,304.0,304.0,304.0,304.0,304.0,304.0,304.0,304.0,304.0,304.0,304.0,304.0,304.0,304.0,304.0,160.0,192.0,245.0,304.0,304.0,304.0,304.0,304.0,304.0,304.0,304.0,304.0,304.0,304.0,304.0,304.0,304.0,304.0,304.0,304.0,304.0,304.0,304.0,304.0,304.0,304.0,304.0,304.0,304.0,251.0
0.6220435193945127,0,249.0,200.0,273.0,304.0,304.0,304.0,304.0,304.0,304.0,102.0,304.0,304.0,304.0,304.0,304.0,304.0,304.0,304.0,304.0,135.0,156.0,187.0,239.0,304.0,304.0,304.0,304.0,304.0,304.0,304.0,304.0,304.0,304.0,304.0,304.0,304.0,304.0,304.0,304.0,304.0,304.0,304.0,304.0,304.0,304.0,304.0,304.0,304.0,304.0,249.0
0.5826746421704764,0,262.0,304.0,304.0,304.0,304.0,304.0,304.0,304.0,105.0,98.0,93.0,304.0,304.0,88.0,90.0,304.0,304.0,304.0,304.0,304.0,149.0,178.0,226.0,315.0,304.0,304.0,304.0,304.0,304.0,304.0,304.0,304.0,304.0,304.0,304.0,304.0,304.0,304.0,304.0,304.0,304.0,304.0,304.0,304.0,304.0,304.0,304.0,304.0,304.0,262.0
0.5826746421704764,-0.11862544633320109,307.0,271.0,304.0,304.0,304.0,304.0,304.0,109.0,98.0,91.0,87.0,85.0,84.0,304.0,84.0,85.0,90.0,97.0,107.0,119.0,138.0,169.0,213.0,294.0,304.0,304.0,304.0,304.0,304.0,304.0,304.0,304.0,304.0,304.0,304.0,304.0,304.0,304.0,304.0,304.0,304.0,304.0,304.0,304.0,304.0,304.0,304.0,304.0,304.0,307.0
0.5826746421704764,-0.18976409192175053,304.0,304.0,304.0,211.0,304.0,133.0,114.0,99.0,91.0,85.0,81.0,76.0,76.0,76.0,75.0,78.0,83.0,87.0,96.0,107.0,123.0,150.0,192.0,267.0,304.0,304.0,304.0,304.0,304.0,304.0,304.0,304.0,304.0,304.0,304.0,304.0,304.0,304.0,304.0,304.0,304.0,304.0,304.0,304.0,304.0,304.0,304.0,304.0,304.0,304.0
0.5826746421704764,-0.814264351329081,304.0,304.0,280.0,190.0,145.0,116.0,100.0,89.0,79.0,74.0,70.0,68.0,66.0,66.0,67.0,68.0,72.0,75.0,83.0,92.0,105.0,127.0,162.0,232.0,304.0,304.0,304.0,304.0,304.0,304.0,304.0,304.0,304.0,304.0,304.0,304.0,304.0,304.0,304.0,304.0,304.0,304.0,304.0,304.0,304.0,304.0,304.0,304.0,304.0,304.0
0.5826746421704764,-0.23718985564745018,304.0,304.0,249.0,163.0,125.0,99.0,85.0,76.0,67.0,61.0,58.0,56.0,56.0,54.0,55.0,57.0,60.0,63.0,69.0,76.0,87.0,104.0,131.0,184.0,306.0,304.0,304.0,304.0,304.0,304.0,304.0,304.0,304.0,304.0,304.0,304.0,304.0,304.0,304.0,304.0,304.0,304.0,304.0,304.0,304.0,304.0,304.0,304.0,304.0,304.0
0.5826746421704764,-0.3953062532425916,304.0,304.0,233.0,168.0,125.0,102.0,88.0,76.0,69.0,65.0,62.0,60.0,60.0,58.0,59.0,59.0,63.0,65.0,72.0,82.0,94.0,113.0,143.0,196.0,304.0,304.0,304.0,304.0,304.0,304.0,304.0,304.0,304.0,304.0,304.0,304.0,304.0,304.0,304.0,304.0,304.0,304.0,304.0,304.0,304.0,304.0,304.0,304.0,304.0,304.0
0.5826746421704764,-0.41111484115115815,304.0,304.0,233.0,168.0,129.0,106.0,94.0,84.0,74.0,69.0,64.0,62.0,62.0,62.0,61.0,63.0,67.0,72.0,77.0,88.0,101.0,118.0,153.0,205.0,304.0,304.0,304.0,304.0,304.0,304.0,304.0,304.0,304.0,304.0,304.0,304.0,304.0,304.0,304.0,304.0,304.0,304.0,304.0,304.0,304.0,304.0,304.0,304.0,304.0,304.0
0.5826746421704764,-0.6008178960539567,304.0,304.0,217.0,152.0,121.0,99.0,85.0,76.0,69.0,65.0,62.0,60.0,60.0,60.0,61.0,63.0,67.0,72.0,77.0,85.0,98.0,118.0,150.0,205.0,304.0,304.0,304.0,304.0,304.0,304.0,304.0,304.0,304.0,304.0,304.0,304.0,304.0,304.0,304.0,304.0,304.0,304.0,304.0,304.0,304.0,304.0,304.0,304.0,304.0,304.0
0.5826746421704764,-0.3241370891445662,304.0,304.0,186.0,126.0,96.0,79.0,68.0,61.0,55.0,52.0,50.0,48.0,48.0,48.0,49.0,51.0,54.0,58.0,64.0,73.0,83.0,100.0,135.0,194.0,316.0,304.0,304.0,304.0,304.0,304.0,304.0,304.0,304.0,304.0,304.0,304.0,304.0,304.0,304.0,304.0,304.0,304.0,304.0,304.0,304.0,304.0,304.0,304.0,304.0,304.0
0.5826746421704764,-0.6798913541062654,304.0,304.0,217.0,131.0,92.0,76.0,62.0,55.0,48.0,45.0,43.0,42.0,42.0,42.0,41.0,42.0,44.0,48.0,53.0,58.0,68.0,84.0,105.0,163.0,297.0,304.0,304.0,304.0,304.0,304.0,304.0,304.0,304.0,304.0,304.0,304.0,304.0,304.0,304.0,304.0,304.0,304.0,304.0,304.0,304.0,304.0,304.0,304.0,304.0,304.0
0.5826746421704764,-0.30042420728171637,304.0,304.0,304.0,120.0,84.0,62.0,54.0,45.0,41.0,37.0,35.0,34.0,32.0,32.0,32.0,34.0,33.0,36.0,40.0,45.0,50.0,58.0,73.0,105.0,172.0,304.0,304.0,304.0,304.0,304.0,304.0,304.0,304.0,304.0,304.0,304.0,304.0,304.0,304.0,304.0,304.0,304.0,304.0,304.0,304.0,304.0,304.0,304.0,304.0,304.0
0.5826746421704764,0,304.0,304.0,296.0,238.0,304.0,304.0,304.0,66.0,58.0,52.0,47.0,46.0,44.0,44.0,43.0,44.0,44.0,48.0,50.0,54.0,61.0,72.0,87.0,112.0,171.0,304.0,304.0,304.0,304.0,304.0,304.0,304.0,304.0,304.0,304.0,304.0,304.0,304.0,304.0,304.0,304.0,304.0,304.0,304.0,304.0,304.0,304.0,304.0,304.0,304.0
0.5826746421704764,-0.4190191351054415,304.0,304.0,262.0,211.0,178.0,304.0,258.0,304.0,184.0,304.0,223.0,304.0,304.0,299.0,304.0,304.0,304.0,304.0,304.0,304.0,84.0,90.0,105.0,134.0,203.0,304.0,304.0,304.0,304.0,304.0,304.0,304.0,304.0,304.0,304.0,304.0,304.0,304.0,304.0,304.0,304.0,304.0,304.0,304.0,304.0,304.0,304.0,304.0,304.0,304.0
0.6220435193945127,0,304.0,304.0,304.0,304.0,304.0,304.0,304.0,304.0,304.0,173.0,304.0,304.0,304.0,304.0,304.0,304.0,304.0,304.0,304.0,304.0,304.0,304.0,304.0,142.0,190.0,304.0,304.0,304.0,304.0,304.0,304.0,304.0,304.0,304.0,304.0,304.0,304.0,304.0,304.0,304.0,304.0,304.0,304.0,304.0,304.0,304.0,304.0,304.0,304.0,304.0
0.6102328562273018,0.41105380413220616,304.0,259.0,192.0,158.0,133.0,119.0,109.0,102.0,304.0,94.0,92.0,304.0,304.0,160.0,304.0,304.0,295.0,304.0,304.0,304.0,304.0,304.0,304.0,304.0,278.0,304.0,304.0,304.0,304.0,304.0,304.0,304.0,304.0,304.0,304.0,304.0,304.0,304.0,304.0,304.0,304.0,304.0,304.0,304.0,304.0,304.0,304.0,304.0,304.0,304.0
0.6102328562273018,0,304.0,227.0,171.0,142.0,124.0,109.0,100.0,94.0,91.0,87.0,304.0,304.0,304.0,304.0,166.0,304.0,359.0,324.0,304.0,304.0,304.0,304.0,304.0,304.0,320.0,304.0,304.0,304.0,304.0,304.0,304.0,304.0,304.0,304.0,304.0,304.0,304.0,304.0,304.0,304.0,304.0,304.0,304.0,304.0,304.0,304.0,304.0,304.0,304.0,304.0
0.6653492843409528,0.22922452467421492,304.0,259.0,199.0,163.0,141.0,126.0,114.0,107.0,102.0,205.0,304.0,164.0,304.0,219.0,304.0,338.0,304.0,304.0,304.0,304.0,304.0,304.0,304.0,304.0,278.0,304.0,304.0,304.0,304.0,304.0,304.0,304.0,304.0,304.0,304.0,304.0,304.0,304.0,304.0,304.0,304.0,304.0,304.0,304.0,304.0,304.0,304.0,304.0,304.0,304.0
0.6220435193945127,0,304.0,262.0,202.0,163.0,141.0,126.0,115.0,109.0,304.0,304.0,304.0,164.0,304.0,304.0,304.0,347.0,304.0,304.0,304.0,304.0,304.0,304.0,304.0,260.0,296.0,304.0,304.0,304.0,304.0,304.0,304.0,304.0,304.0,304.0,304.0,304.0,304.0,304.0,304.0,304.0,304.0,304.0,304.0,304.0,304.0,304.0,304.0,304.0,304.0,304.0
0.6220435193945127,0,304.0,274.0,212.0,174.0,150.0,133.0,123.0,304.0,304.0,304.0,171.0,304.0,224.0,304.0,304.0,272.0,304.0,304.0,304.0,304.0,304.0,304.0,304.0,249.0,286.0,304.0,304.0,304.0,304.0,304.0,304.0,304.0,304.0,304.0,304.0,304.0,304.0,304.0,304.0,304.0,304.0,304.0,304.0,304.0,304.0,304.0,304.0,304.0,304.0,304.0
0.6377910702841273,0,304.0,290.0,220.0,182.0,157.0,139.0,128.0,119.0,304.0,304.0,304.0,297.0,304.0,304.0,304.0,304.0,304.0,304.0,304.0,304.0,304.0,304.0,304.0,304.0,286.0,304.0,304.0,304.0,304.0,304.0,304.0,304.0,304.0,304.0,304.0,304.0,304.0,304.0,304.0,304.0,304.0,304.0,304.0,304.0,304.0,304.0,304.0,304.0,304.0,304.0
0.6810968352305673,0,304.0,274.0,209.0,174.0,151.0,134.0,123.0,304.0,112.0,304.0,304.0,301.0,304.0,304.0,304.0,304.0,304.0,304.0,304.0,304.0,304.0,304.0,304.0,304.0,319.0,304.0,304.0,304.0,304.0,304.0,304.0,304.0,304.0,304.0,304.0,304.0,304.0,304.0,304.0,304.0,304.0,304.0,304.0,304.0,304.0,304.0,304.0,304.0,304.0,304.0
0.6810968352305673,0.10275582140568254,304.0,259.0,202.0,166.0,144.0,129.0,120.0,112.0,304.0,304.0,304.0,304.0,304.0,304.0,304.0,304.0,304.0,304.0,304.0,304.0,304.0,304.0,304.0,304.0,304.0,304.0,304.0,304.0,304.0,304.0,304.0,304.0,304.0,304.0,304.0,304.0,304.0,304.0,304.0,304.0,304.0,304.0,304.0,304.0,304.0,304.0,304.0,304.0,304.0,304.0
0.6220435193945127,0,304.0,247.0,194.0,163.0,141.0,126.0,117.0,112.0,304.0,304.0,304.0,304.0,304.0,304.0,304.0,304.0,304.0,304.0,304.0,304.0,304.0,304.0,304.0,304.0,304.0,304.0,304.0,304.0,304.0,304.0,304.0,304.0,304.0,304.0,304.0,304.0,304.0,304.0,304.0,304.0,304.0,304.0,304.0,304.0,304.0,304.0,304.0,304.0,304.0,304.0
0.6102328562273018,0,304.0,243.0,194.0,163.0,141.0,128.0,304.0,112.0,304.0,104.0,304.0,304.0,304.0,304.0,304.0,304.0,304.0,304.0,304.0,304.0,182.0,304.0,304.0,304.0,304.0,304.0,304.0,304.0,304.0,304.0,304.0,304.0,304.0,304.0,304.0,304.0,304.0,304.0,304.0,304.0,304.0,304.0,304.0,304.0,304.0,304.0,304.0,304.0,304.0,304.0
0.6220435193945127,0,304.0,243.0,201.0,168.0,145.0,129.0,304.0,112.0,107.0,104.0,304.0,304.0,304.0,304.0,304.0,304.0,304.0,304.0,304.0,304.0,176.0,304.0,304.0,304.0,304.0,304.0,304.0,304.0,304.0,304.0,304.0,304.0,304.0,304.0,304.0,304.0,304.0,304.0,304.0,304.0,304.0,304.0,304.0,304.0,304.0,304.0,304.0,304.0,304.0,304.0
0.6377910702841273,0,304.0,227.0,186.0,304.0,137.0,363.0,113.0,107.0,102.0,304.0,325.0,304.0,304.0,304.0,304.0,304.0,304.0,304.0,304.0,304.0,175.0,304.0,304.0,304.0,304.0,304.0,304.0,304.0,304.0,304.0,304.0,304.0,304.0,304.0,304.0,304.0,304.0,304.0,304.0,304.0,304.0,304.0,304.0,304.0,304.0,304.0,304.0,304.0,304.0,304.0
0.6377910702841273,0,304.0,247.0,202.0,168.0,145.0,129.0,122.0,304.0,304.0,304.0,304.0,304.0,304.0,304.0,304.0,304.0,304.0,304.0,304.0,147.0,304.0,304.0,304.0,304.0,304.0,304.0,304.0,304.0,304.0,304.0,304.0,304.0,304.0,304.0,304.0,304.0,304.0,304.0,304.0,304.0,304.0,304.0,304.0,304.0,304.0,304.0,304.0,304.0,304.0,304.0
0.6102328562273018,0,304.0,304.0,304.0,173.0,149.0,137.0,304.0,304.0,304.0,304.0,304.0,304.0,304.0,304.0,304.0,304.0,304.0,304.0,304.0,304.0,304.0,183.0,304.0,304.0,304.0,304.0,304.0,304.0,304.0,304.0,304.0,304.0,304.0,304.0,304.0,304.0,304.0,304.0,304.0,304.0,304.0,304.0,304.0,304.0,304.0,304.0,304.0,304.0,304.0,304.0
0.6102328562273018,0,304.0,304.0,202.0,169.0,150.0,304.0,304.0,355.0,304.0,304.0,304.0,304.0,304.0,304.0,304.0,304.0,304.0,304.0,304.0,304.0,304.0,183.0,304.0,304.0,304.0,304.0,304.0,304.0,304.0,304.0,304.0,304.0,304.0,304.0,304.0,304.0,304.0,304.0,304.0,304.0,304.0,304.0,304.0,304.0,304.0,304.0,304.0,304.0,304.0,304.0
0.6653492843409528,0,304.0,257.0,304.0,170.0,304.0,304.0,304.0,304.0,304.0,304.0,304.0,304.0,304.0,304.0,304.0,304.0,304.0,304.0,304.0,304.0,304.0,304.0,304.0,304.0,304.0,304.0,304.0,304.0,304.0,304.0,304.0,304.0,304.0,304.0,304.0,304.0,304.0,304.0,304.0,304.0,304.0,304.0,304.0,304.0,304.0,304.0,304.0,304.0,304.0,304.0
0.6653492843409528,0,304.0,304.0,304.0,304.0,304.0,304.0,304.0,304.0,304.0,304.0,304.0,304.0,304.0,304.0,304.0,304.0,304.0,304.0,304.0,304.0,304.0,304.0,304.0,304.0,304.0,304.0,304.0,304.0,304.0,304.0,304.0,304.0,304.0,304.0,304.0,304.0,304.0,304.0,304.0,304.0,304.0,304.0,304.0,304.0,304.0,304.0,304.0,304.0,304.0,304.0
0.6102328562273018,0,304.0,304.0,304.0,304.0,304.0,304.0,304.0,304.0,304.0,304.0,304.0,304.0,304.0,304.0,304.0,304.0,304.0,304.0,304.0,304.0,304.0,304.0,304.0,304.0,304.0,304.0,304.0,304.0,304.0,304.0,304.0,304.0,304.0,304.0,304.0,304.0,304.0,304.0,304.0,304.0,304.0,304.0,304.0,304.0,304.0,304.0,304.0,304.0,304.0,304.0
0.5944853053376873,0,304.0,304.0,304.0,304.0,304.0,304.0,304.0,304.0,304.0,304.0,304.0,304.0,304.0,304.0,304.0,304.0,304.0,304.0,304.0,304.0,304.0,304.0,304.0,304.0,304.0,304.0,304.0,304.0,304.0,304.0,304.0,304.0,304.0,304.0,304.0,304.0,304.0,304.0,304.0,304.0,304.0,304.0,304.0,304.0,304.0,304.0,304.0,304.0,304.0,304.0
0.5826746421704764,0,304.0,245.0,304.0,304.0,304.0,304.0,304.0,304.0,304.0,304.0,304.0,304.0,304.0,304.0,304.0,304.0,304.0,304.0,304.0,304.0,304.0,304.0,304.0,304.0,304.0,304.0,304.0,304.0,304.0,304.0,304.0,304.0,304.0,304.0,304.0,304.0,304.0,304.0,304.0,304.0,304.0,304.0,304.0,304.0,304.0,304.0,304.0,304.0,304.0,304.0
0.5826746421704764,0,304.0,304.0,304.0,304.0,304.0,304.0,304.0,304.0,304.0,304.0,304.0,304.0,304.0,304.0,304.0,304.0,304.0,304.0,113.0,304.0,304.0,304.0,304.0,304.0,304.0,304.0,304.0,304.0,304.0,304.0,304.0,304.0,304.0,304.0,304.0,304.0,304.0,304.0,304.0,304.0,304.0,304.0,304.0,304.0,304.0,304.0,304.0,304.0,304.0,304.0
0.5826746421704764,0,304.0,304.0,304.0,304.0,304.0,304.0,304.0,304.0,304.0,304.0,304.0,304.0,304.0,304.0,304.0,304.0,304.0,304.0,304.0,116.0,304.0,304.0,304.0,304.0,304.0,304.0,304.0,304.0,304.0,304.0,304.0,304.0,304.0,304.0,304.0,304.0,304.0,304.0,304.0,304.0,304.0,304.0,304.0,304.0,304.0,304.0,304.0,304.0,304.0,304.0
0.5826746421704764,0,304.0,304.0,304.0,304.0,304.0,304.0,304.0,304.0,304.0,304.0,304.0,304.0,304.0,304.0,304.0,304.0,304.0,304.0,96.0,107.0,123.0,146.0,179.0,304.0,304.0,304.0,304.0,304.0,304.0,304.0,304.0,304.0,304.0,304.0,304.0,304.0,304.0,304.0,304.0,304.0,304.0,304.0,304.0,304.0,304.0,304.0,304.0,304.0,304.0,304.0
0.5826746421704764,0,304.0,304.0,304.0,304.0,304.0,304.0,304.0,304.0,304.0,304.0,304.0,304.0,304.0,304.0,304.0,72.0,76.0,82.0,304.0,98.0,112.0,133.0,304.0,304.0,304.0,304.0,304.0,304.0,304.0,304.0,304.0,304.0,304.0,304.0,304.0,304.0,304.0,304.0,304.0,304.0,304.0,304.0,304.0,304.0,304.0,304.0,304.0,304.0,304.0,304.0
0.5826746421704764,-0.2609027375103,304.0,304.0,304.0,304.0,304.0,304.0,91.0,304.0,304.0,304.0,62.0,60.0,60.0,60.0,59.0,59.0,63.0,68.0,72.0,79.0,90.0,109.0,137.0,304.0,304.0,304.0,304.0,304.0,304.0,304.0,304.0,304.0,304.0,304.0,304.0,304.0,304.0,304.0,304.0,304.0,304.0,304.0,304.0,304.0,304.0,304.0,304.0,304.0,304.0,304.0
0.5669270912808618,-0.3715933713797418,304.0,304.0,304.0,147.0,104.0,82.0,71.0,61.0,55.0,50.0,47.0,46.0,44.0,44.0,43.0,44.0,47.0,48.0,53.0,58.0,65.0,77.0,96.0,131.0,304.0,304.0,304.0,304.0,304.0,304.0,304.0,304.0,304.0,304.0,304.0,304.0,304.0,304.0,304.0,304.0,304.0,304.0,304.0,304.0,304.0,304.0,304.0,304.0,304.0,304.0
0.5826746421704764,-0.4190191351054415,304.0,304.0,304.0,121.0,84.0,66.0,54.0,48.0,45.0,39.0,37.0,36.0,34.0,34.0,34.0,34.0,35.0,38.0,42.0,45.0,54.0,63.0,74.0,98.0,304.0,304.0,304.0,304.0,304.0,304.0,304.0,304.0,304.0,304.0,304.0,304.0,304.0,304.0,304.0,304.0,304.0,304.0,304.0,304.0,304.0,304.0,304.0,304.0,304.0,304.0
0.5944853053376873,-0.5454878383739739,304.0,304.0,154.0,94.0,64.0,49.0,39.0,32.0,30.0,28.0,24.0,24.0,24.0,24.0,22.0,23.0,24.0,26.0,26.0,30.0,34.0,40.0,54.0,79.0,304.0,304.0,304.0,304.0,304.0,304.0,304.0,304.0,304.0,304.0,304.0,304.0,304.0,304.0,304.0,304.0,304.0,304.0,304.0,304.0,304.0,304.0,304.0,304.0,304.0,304.0
0.5944853053376873,-0.5533921323282571,304.0,304.0,138.0,78.0,51.0,42.0,36.0,30.0,27.0,26.0,22.0,22.0,22.0,22.0,22.0,23.0,26.0,304.0,304.0,27.0,304.0,304.0,304.0,304.0,304.0,304.0,304.0,304.0,304.0,304.0,304.0,304.0,304.0,304.0,304.0,304.0,304.0,304.0,304.0,304.0,304.0,304.0,304.0,304.0,304.0,304.0,304.0,304.0,304.0,304.0
0.5944853053376873,-0.5533921323282571,304.0,304.0,186.0,304.0,76.0,59.0,57.0,40.0,37.0,34.0,33.0,32.0,28.0,28.0,28.0,27.0,29.0,31.0,33.0,36.0,43.0,49.0,61.0,304.0,304.0,304.0,304.0,304.0,304.0,304.0,304.0,304.0,304.0,304.0,304.0,304.0,304.0,304.0,304.0,304.0,304.0,304.0,304.0,304.0,304.0,304.0,304.0,304.0,304.0,304.0
0.5944853053376873,-0.5296792504654073,304.0,304.0,304.0,304.0,304.0,304.0,304.0,347.0,304.0,304.0,304.0,28.0,28.0,28.0,28.0,29.0,31.0,304.0,304.0,304.0,43.0,54.0,304.0,304.0,304.0,304.0,304.0,304.0,304.0,304.0,304.0,304.0,304.0,304.0,304.0,304.0,304.0,304.0,304.0,304.0,304.0,304.0,304.0,304.0,304.0,304.0,304.0,304.0,304.0,304.0
0.5944853053376873,-0.1976683858760338,304.0,304.0,304.0,304.0,304.0,99.0,304.0,66.0,55.0,52.0,45.0,44.0,44.0,43.0,43.0,42.0,44.0,48.0,48.0,51.0,57.0,70.0,81.0,304.0,304.0,304.0,304.0,304.0,304.0,304.0,304.0,304.0,304.0,304.0,304.0,304.0,304.0,304.0,304.0,304.0,304.0,304.0,304.0,304.0,304.0,304.0,304.0,304.0,304.0,304.0
0.5669270912808618,-0.28461561937314983,304.0,304.0,304.0,304.0,304.0,304.0,304.0,304.0,304.0,304.0,304.0,304.0,304.0,304.0,304.0,304.0,304.0,304.0,304.0,304.0,304.0,304.0,304.0,142.0,304.0,304.0,304.0,304.0,304.0,304.0,304.0,304.0,304.0,304.0,304.0,304.0,304.0,304.0,304.0,304.0,304.0,304.0,304.0,304.0,304.0,304.0,304.0,304.0,304.0,304.0
0.5944853053376873,-0.22138126773888364,304.0,304.0,304.0,304.0,304.0,304.0,304.0,304.0,304.0,304.0,304.0,304.0,304.0,304.0,304.0,304.0,304.0,409.0,304.0,304.0,304.0,304.0,304.0,304.0,304.0,304.0,304.0,304.0,304.0,304.0,304.0,304.0,304.0,304.0,304.0,304.0,304.0,304.0,304.0,304.0,304.0,304.0,304.0,304.0,304.0,304.0,304.0,304.0,304.0,304.0
0.5944853053376873,0,304.0,304.0,304.0,304.0,304.0,304.0,304.0,304.0,304.0,304.0,304.0,304.0,304.0,304.0,304.0,304.0,304.0,304.0,304.0,304.0,304.0,304.0,304.0,304.0,304.0,304.0,304.0,304.0,304.0,304.0,304.0,304.0,304.0,304.0,304.0,304.0,304.0,304.0,304.0,304.0,304.0,304.0,304.0,304.0,304.0,304.0,304.0,304.0,304.0,304.0
0.5669270912808618,-0.21347697378460037,304.0,304.0,304.0,304.0,304.0,304.0,304.0,304.0,304.0,304.0,304.0,304.0,304.0,304.0,304.0,304.0,304.0,304.0,304.0,304.0,304.0,304.0,304.0,304.0,304.0,304.0,304.0,304.0,304.0,304.0,304.0,304.0,304.0,304.0,304.0,304.0,304.0,304.0,304.0,304.0,304.0,304.0,304.0,304.0,304.0,304.0,304.0,304.0,304.0,304.0
0.5669270912808618,0,304.0,304.0,304.0,304.0,304.0,304.0,304.0,304.0,304.0,304.0,304.0,304.0,304.0,304.0,304.0,304.0,304.0,304.0,304.0,304.0,304.0,304.0,304.0,304.0,304.0,304.0,304.0,304.0,304.0,304.0,304.0,304.0,304.0,304.0,304.0,304.0,304.0,304.0,304.0,304.0,304.0,304.0,304.0,304.0,304.0,304.0,304.0,304.0,304.0,304.0
0.5944853053376873,0,304.0,304.0,304.0,304.0,304.0,304.0,304.0,304.0,304.0,304.0,304.0,304.0,304.0,304.0,304.0,304.0,304.0,304.0,304.0,304.0,304.0,304.0,304.0,304.0,304.0,304.0,304.0,304.0,304.0,304.0,304.0,304.0,304.0,304.0,304.0,304.0,304.0,304.0,304.0,304.0,304.0,304.0,304.0,304.0,304.0,304.0,304.0,304.0,304.0,304.0
0.5669270912808618,0,304.0,304.0,304.0,304.0,304.0,304.0,304.0,304.0,304.0,304.0,304.0,304.0,304.0,304.0,304.0,304.0,304.0,304.0,410.0,304.0,304.0,304.0,304.0,304.0,304.0,304.0,304.0,304.0,304.0,304.0,304.0,304.0,304.0,304.0,304.0,304.0,304.0,304.0,304.0,304.0,304.0,304.0,304.0,304.0,304.0,304.0,304.0,304.0,304.0,304.0
0.5511795403912473,0,304.0,304.0,304.0,304.0,284.0,304.0,304.0,94.0,86.0,78.0,75.0,72.0,72.0,72.0,304.0,73.0,76.0,82.0,88.0,98.0,116.0,136.0,175.0,243.0,304.0,304.0,304.0,304.0,304.0,304.0,304.0,304.0,304.0,304.0,304.0,304.0,304.0,304.0,304.0,304.0,304.0,304.0,304.0,304.0,304.0,304.0,304.0,304.0,304.0,304.0
0.5669270912808618,-0.22138126773888364,304.0,304.0,304.0,304.0,304.0,304.0,105.0,91.0,84.0,76.0,72.0,70.0,70.0,70.0,69.0,72.0,74.0,77.0,86.0,98.0,109.0,128.0,304.0,228.0,304.0,304.0,304.0,304.0,304.0,304.0,304.0,304.0,304.0,304.0,304.0,304.0,304.0,304.0,304.0,304.0,304.0,304.0,304.0,304.0,304.0,304.0,304.0,304.0,304.0,304.0
0.5669270912808618,-0.27671132541886656,304.0,304.0,304.0,179.0,304.0,304.0,91.0,81.0,72.0,67.0,62.0,60.0,60.0,58.0,59.0,61.0,63.0,68.0,72.0,304.0,90.0,105.0,304.0,304.0,304.0,304.0,304.0,304.0,304.0,304.0,304.0,304.0,304.0,304.0,304.0,304.0,304.0,304.0,304.0,304.0,304.0,304.0,304.0,304.0,304.0,304.0,304.0,304.0,304.0,304.0
0.5511795403912473,-0.5059663686025575,304.0,304.0,304.0,136.0,304.0,86.0,68.0,58.0,53.0,50.0,46.0,44.0,44.0,42.0,43.0,44.0,44.0,48.0,53.0,58.0,68.0,81.0,100.0,131.0,304.0,304.0,304.0,304.0,304.0,304.0,304.0,304.0,304.0,304.0,304.0,304.0,304.0,304.0,304.0,304.0,304.0,304.0,304.0,304.0,304.0,304.0,304.0,304.0,304.0,304.0
0.5511795403912473,-0.5296792504654073,304.0,304.0,186.0,126.0,88.0,72.0,59.0,53.0,304.0,43.0,41.0,38.0,38.0,36.0,36.0,36.0,38.0,38.0,42.0,45.0,54.0,63.0,80.0,100.0,304.0,304.0,304.0,304.0,304.0,304.0,304.0,304.0,304.0,304.0,304.0,304.0,304.0,304.0,304.0,304.0,304.0,304.0,304.0,304.0,304.0,304.0,304.0,304.0,304.0,304.0
0.5393688772240364,-0.5454878383739739,304.0,321.0,170.0,115.0,80.0,66.0,57.0,50.0,44.0,43.0,41.0,40.0,36.0,36.0,34.0,36.0,38.0,38.0,42.0,45.0,54.0,63.0,86.0,304.0,304.0,304.0,304.0,304.0,304.0,304.0,304.0,304.0,304.0,304.0,304.0,304.0,304.0,304.0,304.0,304.0,304.0,304.0,304.0,304.0,304.0,304.0,304.0,304.0,304.0,304.0
0.5511795403912473,-0.6166264839625233,304.0,290.0,146.0,99.0,72.0,59.0,51.0,45.0,41.0,39.0,37.0,36.0,304.0,34.0,32.0,34.0,35.0,36.0,40.0,45.0,50.0,58.0,73.0,304.0,304.0,304.0,304.0,304.0,304.0,304.0,304.0,304.0,304.0,304.0,304.0,304.0,304.0,304.0,304.0,304.0,304.0,304.0,304.0,304.0,304.0,304.0,304.0,304.0,304.0,304.0
0.5511795403912473,-0.7352214117862483,304.0,304.0,304.0,304.0,304.0,304.0,304.0,304.0,304.0,304.0,304.0,304.0,304.0,304.0,304.0,304.0,304.0,304.0,304.0,304.0,304.0,304.0,304.0,304.0,304.0,304.0,304.0,304.0,304.0,304.0,304.0,304.0,304.0,304.0,304.0,304.0,304.0,304.0,304.0,304.0,304.0,304.0,304.0,304.0,304.0,304.0,304.0,304.0,304.0,304.0
0.5669270912808618,-0.7510299996948149,304.0,304.0,304.0,304.0,304.0,304.0,304.0,304.0,304.0,304.0,304.0,304.0,304.0,304.0,304.0,304.0,304.0,304.0,304.0,304.0,304.0,304.0,304.0,304.0,304.0,304.0,304.0,304.0,304.0,304.0,304.0,304.0,304.0,304.0,304.0,304.0,304.0,304.0,304.0,304.0,304.0,304.0,304.0,304.0,304.0,304.0,304.0,304.0,304.0,304.0
0.5669270912808618,-0.7036042359691153,304.0,304.0,304.0,304.0,304.0,304.0,304.0,304.0,304.0,304.0,304.0,304.0,304.0,304.0,304.0,304.0,304.0,304.0,304.0,304.0,304.0,304.0,304.0,304.0,304.0,304.0,304.0,304.0,304.0,304.0,304.0,304.0,304.0,304.0,304.0,304.0,304.0,304.0,304.0,304.0,304.0,304.0,304.0,304.0,304.0,304.0,304.0,304.0,304.0,304.0
0.5826746421704764,-0.6877956480605487,304.0,304.0,304.0,304.0,304.0,304.0,304.0,304.0,304.0,304.0,304.0,304.0,304.0,304.0,304.0,304.0,304.0,304.0,304.0,304.0,304.0,304.0,304.0,304.0,304.0,304.0,304.0,304.0,304.0,304.0,304.0,304.0,304.0,304.0,304.0,304.0,304.0,304.0,304.0,304.0,304.0,304.0,304.0,304.0,304.0,304.0,304.0,304.0,304.0,304.0
0.5669270912808618,-0.6008178960539567,304.0,304.0,304.0,304.0,304.0,304.0,368.0,304.0,313.0,304.0,304.0,304.0,304.0,304.0,304.0,304.0,304.0,304.0,304.0,304.0,304.0,304.0,304.0,304.0,304.0,304.0,304.0,304.0,304.0,304.0,304.0,304.0,304.0,304.0,304.0,304.0,304.0,304.0,304.0,304.0,304.0,304.0,304.0,304.0,304.0,304.0,304.0,304.0,304.0,304.0
0.5669270912808618,-0.27671132541886656,304.0,304.0,304.0,304.0,304.0,304.0,304.0,304.0,304.0,304.0,304.0,273.0,304.0,304.0,304.0,304.0,304.0,304.0,304.0,304.0,304.0,304.0,304.0,304.0,304.0,304.0,304.0,304.0,304.0,304.0,304.0,304.0,304.0,304.0,304.0,304.0,304.0,304.0,304.0,304.0,304.0,304.0,304.0,304.0,304.0,304.0,304.0,304.0,304.0,304.0
0.5826746421704764,0,304.0,304.0,304.0,304.0,304.0,304.0,304.0,304.0,304.0,304.0,304.0,304.0,304.0,304.0,304.0,304.0,304.0,304.0,304.0,304.0,304.0,304.0,304.0,304.0,304.0,304.0,304.0,304.0,304.0,304.0,304.0,304.0,304.0,304.0,304.0,304.0,304.0,304.0,304.0,304.0,304.0,304.0,304.0,304.0,304.0,304.0,304.0,304.0,304.0,304.0
0.5826746421704764,0,304.0,304.0,304.0,304.0,304.0,304.0,304.0,304.0,304.0,304.0,304.0,304.0,304.0,304.0,304.0,304.0,304.0,304.0,304.0,304.0,304.0,304.0,304.0,304.0,304.0,304.0,304.0,304.0,304.0,304.0,304.0,304.0,304.0,304.0,304.0,304.0,304.0,304.0,304.0,304.0,304.0,304.0,304.0,304.0,304.0,304.0,304.0,304.0,304.0,304.0
0.5944853053376873,0,304.0,304.0,304.0,304.0,304.0,304.0,304.0,304.0,304.0,304.0,304.0,304.0,304.0,304.0,304.0,304.0,304.0,304.0,304.0,304.0,304.0,304.0,304.0,304.0,304.0,304.0,304.0,304.0,304.0,304.0,304.0,304.0,304.0,304.0,304.0,304.0,304.0,304.0,304.0,304.0,304.0,304.0,304.0,304.0,304.0,304.0,304.0,304.0,304.0,304.0
0.5669270912808618,0,304.0,304.0,304.0,304.0,304.0,304.0,304.0,304.0,304.0,304.0,304.0,304.0,304.0,304.0,304.0,304.0,304.0,304.0,304.0,304.0,304.0,304.0,304.0,304.0,304.0,304.0,304.0,304.0,304.0,304.0,304.0,304.0,304.0,304.0,304.0,304.0,304.0,304.0,304.0,304.0,304.0,304.0,304.0,304.0,304.0,304.0,304.0,304.0,304.0,304.0
0.5826746421704764,0,304.0,304.0,304.0,304.0,304.0,304.0,304.0,304.0,304.0,304.0,304.0,304.0,304.0,304.0,304.0,304.0,304.0,304.0,304.0,304.0,304.0,304.0,304.0,304.0,304.0,304.0,304.0,304.0,304.0,304.0,304.0,304.0,304.0,304.0,304.0,304.0,304.0,304.0,304.0,304.0,304.0,304.0,304.0,304.0,304.0,304.0,304.0,304.0,304.0,304.0
0.5826746421704764,0,304.0,304.0,304.0,304.0,304.0,304.0,304.0,304.0,304.0,304.0,304.0,304.0,304.0,304.0,304.0,304.0,304.0,304.0,304.0,304.0,304.0,304.0,304.0,304.0,304.0,304.0,304.0,304.0,304.0,304.0,304.0,304.0,304.0,304.0,304.0,304.0,304.0,304.0,304.0,304.0,304.0,304.0,304.0,304.0,304.0,304.0,304.0,304.0,304.0,304.0
0.5826746421704764,0,304.0,304.0,304.0,304.0,304.0,304.0,304.0,304.0,304.0,304.0,304.0,304.0,304.0,304.0,304.0,304.0,304.0,304.0,304.0,304.0,304.0,304.0,304.0,304.0,304.0,304.0,304.0,304.0,304.0,304.0,304.0,304.0,304.0,304.0,304.0,304.0,304.0,304.0,304.0,304.0,304.0,304.0,304.0,304.0,304.0,304.0,304.0,304.0,304.0,304.0
0.5826746421704764,0.3003631702627644,304.0,304.0,304.0,304.0,304.0,304.0,304.0,304.0,304.0,304.0,304.0,304.0,304.0,304.0,304.0,304.0,304.0,304.0,304.0,304.0,304.0,304.0,304.0,304.0,304.0,304.0,304.0,304.0,304.0,304.0,304.0,304.0,304.0,304.0,304.0,304.0,304.0,304.0,304.0,304.0,304.0,304.0,304.0,304.0,304.0,304.0,304.0,304.0,304.0,304.0
0.5669270912808618,0.5691396832178717,304.0,304.0,304.0,304.0,304.0,304.0,304.0,304.0,304.0,304.0,304.0,304.0,304.0,304.0,304.0,304.0,304.0,304.0,304.0,304.0,304.0,304.0,304.0,304.0,304.0,304.0,304.0,304.0,304.0,304.0,304.0,304.0,304.0,304.0,304.0,304.0,304.0,304.0,304.0,304.0,304.0,304.0,304.0,304.0,304.0,304.0,304.0,304.0,304.0,304.0
0.5511795403912473,0.22922452467421492,304.0,304.0,304.0,304.0,304.0,304.0,304.0,304.0,304.0,304.0,304.0,304.0,304.0,304.0,304.0,304.0,304.0,304.0,304.0,304.0,304.0,304.0,304.0,304.0,304.0,304.0,304.0,304.0,304.0,304.0,304.0,304.0,304.0,304.0,304.0,304.0,304.0,304.0,304.0,304.0,304.0,304.0,304.0,304.0,304.0,304.0,304.0,304.0,304.0,304.0
0.5511795403912473,0.7509689626758629,304.0,304.0,304.0,304.0,304.0,304.0,304.0,304.0,304.0,304.0,304.0,304.0,304.0,304.0,304.0,304.0,304.0,304.0,304.0,304.0,304.0,304.0,304.0,304.0,304.0,304.0,304.0,304.0,304.0,304.0,304.0,304.0,304.0,304.0,304.0,304.0,304.0,304.0,304.0,304.0,304.0,304.0,304.0,304.0,304.0,304.0,304.0,304.0,304.0,304.0
0.5393688772240364,0.782586138492996,304.0,304.0,304.0,304.0,304.0,304.0,304.0,304.0,304.0,304.0,304.0,304.0,304.0,304.0,304.0,304.0,304.0,304.0,304.0,304.0,304.0,304.0,304.0,304.0,304.0,304.0,304.0,304.0,304.0,304.0,304.0,304.0,304.0,304.0,304.0,304.0,304.0,304.0,304.0,304.0,304.0,304.0,304.0,304.0,304.0,304.0,304.0,304.0,304.0,304.0
0.5393688772240364,0.8062990203558458,304.0,304.0,304.0,304.0,304.0,304.0,304.0,304.0,304.0,304.0,304.0,304.0,304.0,304.0,304.0,304.0,304.0,304.0,304.0,304.0,304.0,304.0,304.0,304.0,304.0,304.0,304.0,304.0,304.0,304.0,304.0,304.0,304.0,304.0,304.0,304.0,304.0,304.0,304.0,304.0,304.0,304.0,304.0,304.0,304.0,304.0,304.0,304.0,304.0,304.0
0.5393688772240364,0.782586138492996,304.0,304.0,304.0,304.0,304.0,304.0,304.0,304.0,304.0,304.0,304.0,304.0,304.0,304.0,304.0,304.0,304.0,304.0,304.0,304.0,304.0,304.0,304.0,304.0,304.0,304.0,304.0,304.0,304.0,304.0,304.0,304.0,304.0,304.0,304.0,304.0,304.0,304.0,304.0,304.0,304.0,304.0,304.0,304.0,304.0,304.0,304.0,304.0,304.0,304.0
0.5393688772240364,0,304.0,304.0,304.0,304.0,304.0,304.0,304.0,304.0,304.0,304.0,304.0,304.0,304.0,304.0,304.0,304.0,304.0,304.0,304.0,304.0,304.0,304.0,304.0,304.0,304.0,304.0,304.0,304.0,304.0,304.0,304.0,304.0,304.0,304.0,304.0,304.0,304.0,304.0,304.0,304.0,304.0,304.0,304.0,304.0,304.0,304.0,304.0,304.0,304.0,304.0
0.5669270912808618,0.5691396832178717,304.0,304.0,304.0,304.0,304.0,304.0,304.0,304.0,304.0,304.0,304.0,304.0,304.0,304.0,304.0,304.0,304.0,304.0,304.0,304.0,304.0,304.0,304.0,304.0,304.0,304.0,304.0,304.0,304.0,304.0,304.0,304.0,304.0,304.0,304.0,304.0,304.0,304.0,304.0,304.0,304.0,304.0,304.0,304.0,304.0,304.0,304.0,304.0,304.0,304.0
0.5669270912808618,0.5059053315836055,304.0,304.0,304.0,304.0,304.0,304.0,304.0,304.0,304.0,304.0,304.0,304.0,304.0,304.0,304.0,304.0,304.0,304.0,304.0,304.0,304.0,304.0,304.0,304.0,304.0,304.0,304.0,304.0,304.0,304.0,304.0,304.0,304.0,304.0,304.0,304.0,304.0,304.0,304.0,304.0,304.0,304.0,304.0,304.0,304.0,304.0,304.0,304.0,304.0,304.0
0.5669270912808618,0,304.0,304.0,304.0,304.0,304.0,304.0,304.0,304.0,304.0,304.0,304.0,304.0,304.0,304.0,304.0,304.0,304.0,304.0,304.0,304.0,304.0,304.0,304.0,304.0,304.0,304.0,304.0,304.0,304.0,304.0,304.0,304.0,304.0,304.0,304.0,304.0,304.0,304.0,304.0,304.0,304.0,304.0,304.0,304.0,304.0,304.0,304.0,304.0,304.0,304.0
0.5511795403912473,0,304.0,304.0,304.0,304.0,304.0,304.0,304.0,304.0,304.0,304.0,304.0,304.0,304.0,304.0,304.0,304.0,304.0,304.0,304.0,304.0,304.0,304.0,304.0,304.0,304.0,304.0,304.0,304.0,304.0,304.0,304.0,304.0,304.0,304.0,304.0,304.0,304.0,304.0,304.0,304.0,304.0,304.0,304.0,304.0,304.0,304.0,304.0,304.0,304.0,304.0
0.5393688772240364,0,304.0,304.0,304.0,304.0,304.0,304.0,304.0,304.0,304.0,304.0,304.0,304.0,304.0,304.0,304.0,304.0,304.0,304.0,304.0,304.0,304.0,304.0,304.0,304.0,304.0,304.0,304.0,304.0,304.0,304.0,304.0,304.0,304.0,304.0,304.0,304.0,304.0,304.0,304.0,304.0,304.0,304.0,304.0,304.0,304.0,304.0,304.0,304.0,304.0,304.0
0.5236213263344218,0,304.0,304.0,304.0,304.0,304.0,304.0,304.0,304.0,304.0,304.0,304.0,304.0,304.0,304.0,304.0,304.0,304.0,304.0,304.0,304.0,304.0,304.0,304.0,304.0,304.0,304.0,304.0,304.0,304.0,304.0,304.0,304.0,304.0,304.0,304.0,304.0,304.0,304.0,304.0,304.0,304.0,304.0,304.0,304.0,304.0,304.0,304.0,304.0,304.0,304.0
0.5393688772240364,0,304.0,304.0,304.0,304.0,304.0,304.0,304.0,304.0,304.0,304.0,304.0,304.0,304.0,304.0,304.0,304.0,304.0,304.0,304.0,304.0,304.0,304.0,304.0,304.0,304.0,304.0,304.0,304.0,304.0,304.0,304.0,304.0,304.0,304.0,304.0,304.0,304.0,304.0,304.0,304.0,304.0,304.0,304.0,304.0,304.0,304.0,304.0,304.0,304.0,304.0
0.5393688772240364,0,304.0,304.0,304.0,304.0,304.0,304.0,304.0,304.0,304.0,304.0,304.0,304.0,304.0,304.0,304.0,304.0,304.0,304.0,304.0,304.0,304.0,304.0,304.0,304.0,304.0,304.0,304.0,304.0,304.0,304.0,304.0,304.0,304.0,304.0,304.0,304.0,304.0,304.0,304.0,304.0,304.0,304.0,304.0,304.0,304.0,304.0,304.0,304.0,304.0,304.0
0.5236213263344218,0,304.0,304.0,304.0,304.0,304.0,304.0,304.0,370.0,304.0,304.0,304.0,304.0,304.0,304.0,304.0,304.0,304.0,304.0,304.0,304.0,304.0,304.0,304.0,304.0,304.0,304.0,304.0,304.0,304.0,304.0,304.0,304.0,304.0,304.0,304.0,304.0,304.0,304.0,304.0,304.0,304.0,304.0,304.0,304.0,304.0,304.0,304.0,304.0,304.0,304.0
0.5236213263344218,0,304.0,304.0,304.0,304.0,304.0,304.0,304.0,383.0,304.0,304.0,304.0,304.0,304.0,304.0,304.0,304.0,304.0,304.0,304.0,304.0,304.0,304.0,304.0,304.0,304.0,304.0,304.0,304.0,304.0,304.0,304.0,304.0,304.0,304.0,304.0,304.0,304.0,304.0,304.0,304.0,304.0,304.0,304.0,304.0,304.0,304.0,304.0,304.0,304.0,304.0
0.5236213263344218,0,304.0,304.0,304.0,304.0,304.0,304.0,304.0,396.0,304.0,304.0,304.0,304.0,304.0,304.0,304.0,304.0,304.0,304.0,304.0,304.0,304.0,304.0,304.0,304.0,304.0,304.0,304.0,304.0,304.0,304.0,304.0,304.0,304.0,304.0,304.0,304.0,304.0,304.0,304.0,304.0,304.0,304.0,304.0,304.0,304.0,304.0,304.0,304.0,304.0,304.0
0.5393688772240364,0,304.0,304.0,304.0,304.0,304.0,304.0,304.0,406.0,304.0,304.0,304.0,304.0,304.0,304.0,304.0,304.0,304.0,304.0,304.0,304.0,304.0,304.0,304.0,304.0,304.0,304.0,304.0,304.0,304.0,304.0,304.0,304.0,304.0,304.0,304.0,304.0,304.0,304.0,304.0,304.0,304.0,304.0,304.0,304.0,304.0,304.0,304.0,304.0,304.0,304.0
0.5511795403912473,0,304.0,304.0,304.0,304.0,304.0,304.0,304.0,406.0,304.0,304.0,304.0,304.0,304.0,304.0,304.0,304.0,304.0,304.0,304.0,304.0,304.0,304.0,304.0,304.0,304.0,304.0,304.0,304.0,304.0,304.0,304.0,304.0,304.0,304.0,304.0,304.0,304.0,304.0,304.0,304.0,304.0,304.0,304.0,304.0,304.0,304.0,304.0,304.0,304.0,304.0
0.5511795403912473,0,304.0,304.0,304.0,304.0,304.0,304.0,304.0,416.0,304.0,304.0,304.0,304.0,304.0,304.0,304.0,304.0,304.0,304.0,304.0,304.0,304.0,304.0,304.0,304.0,304.0,304.0,304.0,304.0,304.0,304.0,304.0,304.0,304.0,304.0,304.0,304.0,304.0,304.0,304.0,304.0,304.0,304.0,304.0,304.0,304.0,304.0,304.0,304.0,304.0,304.0
0.5511795403912473,0,304.0,304.0,304.0,304.0,304.0,304.0,304.0,304.0,304.0,304.0,304.0,304.0,304.0,304.0,304.0,304.0,304.0,304.0,304.0,304.0,304.0,304.0,304.0,304.0,304.0,304.0,304.0,304.0,304.0,304.0,304.0,304.0,304.0,304.0,304.0,304.0,304.0,304.0,304.0,304.0,304.0,304.0,304.0,304.0,304.0,304.0,304.0,304.0,304.0,304.0
0.5511795403912473,0,304.0,304.0,304.0,304.0,304.0,304.0,304.0,304.0,304.0,304.0,304.0,304.0,304.0,178.0,304.0,304.0,304.0,304.0,304.0,304.0,304.0,304.0,304.0,304.0,304.0,304.0,304.0,304.0,304.0,304.0,304.0,304.0,304.0,304.0,304.0,304.0,304.0,304.0,304.0,304.0,304.0,304.0,304.0,304.0,304.0,304.0,304.0,304.0,304.0,304.0
0.5511795403912473,0,304.0,304.0,304.0,304.0,304.0,304.0,304.0,304.0,304.0,304.0,304.0,304.0,304.0,304.0,304.0,304.0,304.0,304.0,304.0,304.0,304.0,304.0,304.0,304.0,304.0,304.0,304.0,304.0,304.0,304.0,304.0,304.0,304.0,304.0,304.0,304.0,304.0,304.0,304.0,304.0,304.0,304.0,304.0,304.0,304.0,304.0,304.0,304.0,304.0,304.0
0.5511795403912473,0,304.0,304.0,304.0,304.0,304.0,304.0,304.0,304.0,304.0,304.0,304.0,304.0,304.0,304.0,304.0,304.0,304.0,304.0,304.0,304.0,304.0,304.0,304.0,304.0,304.0,304.0,304.0,304.0,304.0,304.0,304.0,304.0,304.0,304.0,304.0,304.0,304.0,304.0,304.0,304.0,304.0,304.0,304.0,304.0,304.0,304.0,304.0,304.0,304.0,304.0
0.5393688772240364,0,304.0,304.0,304.0,304.0,304.0,304.0,304.0,304.0,304.0,304.0,304.0,304.0,304.0,304.0,304.0,304.0,304.0,304.0,304.0,304.0,304.0,304.0,304.0,304.0,304.0,304.0,304.0,304.0,304.0,304.0,304.0,304.0,304.0,304.0,304.0,304.0,304.0,304.0,304.0,304.0,304.0,304.0,304.0,304.0,304.0,304.0,304.0,304.0,304.0,304.0
0.5393688772240364,0,304.0,304.0,304.0,304.0,304.0,304.0,304.0,304.0,304.0,304.0,304.0,304.0,304.0,304.0,304.0,304.0,304.0,304.0,304.0,304.0,304.0,304.0,304.0,304.0,304.0,304.0,304.0,304.0,304.0,304.0,304.0,304.0,304.0,304.0,304.0,304.0,304.0,304.0,304.0,304.0,304.0,304.0,304.0,304.0,304.0,304.0,304.0,304.0,304.0,304.0
0.5393688772240364,0,304.0,304.0,304.0,304.0,304.0,304.0,304.0,304.0,304.0,304.0,304.0,304.0,304.0,304.0,304.0,304.0,304.0,304.0,304.0,304.0,304.0,304.0,304.0,304.0,304.0,304.0,304.0,304.0,304.0,304.0,304.0,304.0,304.0,304.0,304.0,304.0,304.0,304.0,304.0,304.0,304.0,304.0,304.0,304.0,304.0,304.0,304.0,304.0,304.0,304.0
0.5393688772240364,0,304.0,304.0,304.0,304.0,304.0,304.0,304.0,304.0,304.0,304.0,304.0,304.0,304.0,304.0,304.0,304.0,304.0,304.0,304.0,304.0,304.0,304.0,304.0,304.0,304.0,304.0,304.0,304.0,304.0,304.0,304.0,304.0,304.0,304.0,304.0,304.0,304.0,304.0,304.0,304.0,304.0,304.0,304.0,304.0,304.0,304.0,304.0,304.0,304.0,304.0
0.5393688772240364,0,304.0,304.0,304.0,304.0,304.0,304.0,304.0,304.0,304.0,304.0,304.0,304.0,304.0,304.0,304.0,304.0,304.0,304.0,304.0,304.0,116.0,304.0,304.0,304.0,304.0,304.0,304.0,304.0,304.0,304.0,304.0,304.0,304.0,304.0,304.0,304.0,304.0,304.0,304.0,304.0,304.0,304.0,304.0,304.0,304.0,304.0,304.0,304.0,304.0,304.0
0.5236213263344218,-0.4427320169682913,304.0,304.0,304.0,304.0,304.0,304.0,304.0,304.0,304.0,304.0,304.0,304.0,304.0,304.0,304.0,304.0,304.0,304.0,304.0,304.0,304.0,304.0,304.0,304.0,304.0,304.0,304.0,304.0,304.0,304.0,304.0,304.0,304.0,304.0,304.0,304.0,304.0,304.0,304.0,304.0,304.0,304.0,304.0,304.0,304.0,304.0,304.0,304.0,304.0,304.0
0.5393688772240364,-0.5059663686025575,304.0,304.0,304.0,304.0,304.0,304.0,304.0,304.0,304.0,304.0,304.0,304.0,304.0,304.0,304.0,304.0,304.0,304.0,304.0,304.0,304.0,304.0,304.0,304.0,304.0,304.0,304.0,304.0,304.0,304.0,304.0,304.0,304.0,304.0,304.0,304.0,304.0,304.0,304.0,304.0,304.0,304.0,304.0,304.0,304.0,304.0,304.0,304.0,304.0,304.0
0.5669270912808618,-0.3953062532425916,304.0,304.0,304.0,304.0,304.0,304.0,304.0,304.0,304.0,304.0,304.0,304.0,304.0,304.0,304.0,304.0,304.0,304.0,304.0,304.0,304.0,304.0,304.0,304.0,304.0,304.0,304.0,304.0,304.0,304.0,304.0,304.0,304.0,304.0,304.0,304.0,304.0,304.0,304.0,304.0,304.0,304.0,304.0,304.0,304.0,304.0,304.0,304.0,304.0,304.0
0.5511795403912473,-0.6166264839625233,304.0,304.0,304.0,304.0,304.0,304.0,304.0,304.0,304.0,304.0,304.0,304.0,304.0,304.0,304.0,304.0,304.0,304.0,304.0,304.0,304.0,304.0,304.0,304.0,304.0,304.0,304.0,304.0,304.0,304.0,304.0,304.0,304.0,304.0,304.0,304.0,304.0,304.0,304.0,304.0,304.0,304.0,304.0,304.0,304.0,304.0,304.0,304.0,304.0,304.0
0.5393688772240364,-0.28461561937314983,304.0,304.0,304.0,304.0,304.0,304.0,304.0,304.0,304.0,304.0,304.0,304.0,304.0,304.0,304.0,304.0,304.0,304.0,304.0,304.0,304.0,73.0,304.0,304.0,304.0,304.0,304.0,304.0,304.0,304.0,304.0,304.0,304.0,304.0,304.0,304.0,304.0,304.0,304.0,304.0,304.0,304.0,304.0,304.0,304.0,304.0,304.0,304.0,304.0,304.0
0.5236213263344218,-0.4190191351054415,304.0,304.0,304.0,304.0,304.0,304.0,304.0,304.0,304.0,304.0,304.0,304.0,304.0,304.0,304.0,304.0,304.0,304.0,304.0,304.0,304.0,304.0,304.0,304.0,304.0,304.0,304.0,304.0,304.0,304.0,304.0,304.0,304.0,304.0,304.0,304.0,304.0,304.0,304.0,304.0,304.0,304.0,304.0,304.0,304.0,304.0,304.0,304.0,304.0,304.0
0.5393688772240364,-0.7984557634205145,304.0,304.0,304.0,304.0,304.0,304.0,304.0,304.0,304.0,304.0,304.0,304.0,304.0,304.0,304.0,304.0,304.0,304.0,304.0,304.0,304.0,304.0,304.0,304.0,304.0,304.0,304.0,304.0,304.0,304.0,304.0,304.0,304.0,304.0,304.0,304.0,304.0,304.0,304.0,304.0,304.0,304.0,304.0,304.0,304.0,304.0,304.0,304.0,304.0,304.0
0.5393688772240364,-0.36368907742545853,304.0,304.0,304.0,304.0,304.0,304.0,304.0,304.0,304.0,304.0,304.0,304.0,304.0,304.0,304.0,34.0,35.0,38.0,37.0,42.0,50.0,304.0,304.0,121.0,304.0,304.0,304.0,304.0,304.0,304.0,304.0,304.0,304.0,304.0,304.0,304.0,304.0,304.0,304.0,304.0,304.0,304.0,304.0,304.0,304.0,304.0,304.0,304.0,304.0,304.0
0.5393688772240364,-0.5692007202368237,304.0,304.0,178.0,104.0,80.0,56.0,48.0,43.0,41.0,39.0,33.0,32.0,30.0,30.0,30.0,31.0,33.0,33.0,37.0,42.0,46.0,58.0,73.0,110.0,304.0,304.0,304.0,304.0,304.0,304.0,304.0,304.0,304.0,304.0,304.0,304.0,304.0,304.0,304.0,304.0,304.0,304.0,304.0,304.0,304.0,304.0,304.0,304.0,304.0,304.0
0.5118106631672109,-0.7984557634205145,304.0,304.0,304.0,304.0,304.0,304.0,304.0,304.0,304.0,304.0,304.0,304.0,304.0,304.0,304.0,304.0,304.0,304.0,304.0,304.0,304.0,304.0,73.0,304.0,304.0,304.0,304.0,304.0,304.0,304.0,304.0,304.0,304.0,304.0,304.0,304.0,304.0,304.0,304.0,304.0,304.0,304.0,304.0,304.0,304.0,304.0,304.0,304.0,304.0,304.0
0.49604785302285836,-0.22138126773888364,304.0,304.0,304.0,168.0,109.0,86.0,68.0,61.0,51.0,304.0,41.0,40.0,40.0,40.0,38.0,38.0,38.0,41.0,42.0,48.0,53.0,60.0,73.0,304.0,304.0,304.0,304.0,304.0,304.0,304.0,304.0,304.0,304.0,304.0,304.0,304.0,304.0,304.0,304.0,304.0,304.0,304.0,304.0,304.0,304.0,304.0,304.0,304.0,304.0,304.0
0.5236213263344218,-1.0,304.0,304.0,304.0,304.0,304.0,304.0,304.0,304.0,304.0,304.0,304.0,304.0,304.0,304.0,304.0,304.0,304.0,304.0,304.0,304.0,304.0,304.0,304.0,304.0,304.0,304.0,304.0,304.0,304.0,304.0,304.0,304.0,304.0,304.0,304.0,304.0,304.0,304.0,304.0,304.0,304.0,304.0,304.0,304.0,304.0,304.0,304.0,304.0,304.0,304.0
0.5236213263344218,0,304.0,304.0,304.0,304.0,304.0,304.0,304.0,304.0,304.0,304.0,304.0,304.0,304.0,304.0,304.0,304.0,304.0,304.0,304.0,304.0,304.0,304.0,304.0,304.0,304.0,304.0,304.0,304.0,304.0,304.0,304.0,304.0,304.0,304.0,304.0,304.0,304.0,304.0,304.0,304.0,304.0,304.0,304.0,304.0,304.0,304.0,304.0,304.0,304.0,304.0
0.5511795403912473,0,304.0,304.0,304.0,304.0,304.0,304.0,304.0,304.0,304.0,304.0,304.0,304.0,304.0,304.0,304.0,304.0,304.0,304.0,304.0,304.0,304.0,304.0,304.0,304.0,304.0,304.0,304.0,304.0,304.0,304.0,304.0,304.0,304.0,304.0,304.0,304.0,304.0,304.0,304.0,304.0,304.0,304.0,304.0,304.0,304.0,304.0,304.0,304.0,304.0,304.0
0.5669270912808618,-0.4427320169682913,304.0,290.0,304.0,304.0,304.0,304.0,364.0,304.0,304.0,304.0,304.0,304.0,304.0,304.0,304.0,304.0,304.0,304.0,304.0,304.0,304.0,184.0,304.0,304.0,304.0,304.0,304.0,304.0,304.0,304.0,304.0,304.0,304.0,304.0,304.0,304.0,304.0,304.0,304.0,304.0,304.0,304.0,304.0,304.0,304.0,304.0,304.0,304.0,304.0,304.0
0.5826746421704764,-0.27671132541886656,304.0,280.0,225.0,190.0,168.0,153.0,140.0,252.0,304.0,304.0,304.0,304.0,304.0,304.0,304.0,304.0,304.0,304.0,304.0,148.0,164.0,187.0,219.0,275.0,304.0,304.0,304.0,304.0,304.0,304.0,304.0,304.0,304.0,304.0,304.0,304.0,304.0,304.0,304.0,304.0,304.0,304.0,304.0,304.0,304.0,304.0,304.0,304.0,304.0,304.0
0.5826746421704764,0,304.0,229.0,187.0,162.0,143.0,129.0,120.0,114.0,110.0,304.0,304.0,304.0,304.0,304.0,304.0,304.0,304.0,304.0,304.0,304.0,184.0,210.0,251.0,304.0,304.0,304.0,304.0,304.0,304.0,304.0,304.0,304.0,304.0,304.0,304.0,304.0,304.0,304.0,304.0,304.0,304.0,304.0,304.0,304.0,304.0,304.0,304.0,304.0,304.0,304.0
0.5826746421704764,0,219.0,304.0,125.0,109.0,99.0,92.0,85.0,81.0,80.0,80.0,81.0,81.0,84.0,90.0,96.0,106.0,304.0,304.0,304.0,304.0,304.0,304.0,303.0,304.0,304.0,304.0,304.0,304.0,304.0,304.0,304.0,304.0,304.0,304.0,304.0,304.0,304.0,304.0,304.0,304.0,304.0,304.0,304.0,304.0,304.0,304.0,304.0,304.0,304.0,219.0
0.5511795403912473,0,165.0,304.0,304.0,304.0,304.0,79.0,73.0,68.0,66.0,65.0,67.0,68.0,72.0,76.0,84.0,93.0,105.0,304.0,304.0,304.0,304.0,304.0,304.0,304.0,304.0,304.0,304.0,304.0,304.0,304.0,304.0,304.0,304.0,304.0,304.0,304.0,304.0,304.0,304.0,304.0,304.0,304.0,304.0,304.0,304.0,304.0,304.0,304.0,304.0,165.0
0.5511795403912473,0.2687459944456313,109.0,84.0,68.0,62.0,59.0,304.0,304.0,304.0,304.0,52.0,54.0,54.0,56.0,60.0,65.0,72.0,87.0,107.0,304.0,304.0,304.0,304.0,304.0,304.0,304.0,304.0,304.0,304.0,304.0,304.0,304.0,304.0,304.0,304.0,304.0,304.0,304.0,304.0,304.0,304.0,304.0,304.0,304.0,304.0,304.0,304.0,304.0,304.0,304.0,109.0
0.5393688772240364,0,83.0,68.0,60.0,53.0,51.0,49.0,304.0,49.0,304.0,304.0,50.0,50.0,54.0,58.0,61.0,70.0,85.0,107.0,304.0,304.0,304.0,304.0,304.0,304.0,304.0,304.0,304.0,304.0,304.0,304.0,304.0,304.0,304.0,304.0,304.0,304.0,304.0,304.0,304.0,304.0,304.0,304.0,304.0,304.0,304.0,304.0,304.0,304.0,304.0,83.0
0.5393688772240364,0.3161717581713309,88.0,74.0,67.0,60.0,56.0,56.0,53.0,304.0,304.0,304.0,54.0,58.0,60.0,64.0,71.0,83.0,304.0,304.0,304.0,304.0,304.0,304.0,304.0,304.0,304.0,304.0,304.0,304.0,304.0,304.0,304.0,304.0,304.0,304.0,304.0,304.0,304.0,304.0,304.0,304.0,304.0,304.0,304.0,304.0,304.0,304.0,304.0,304.0,304.0,88.0
0.5393688772240364,0,72.0,59.0,53.0,50.0,47.0,304.0,304.0,304.0,304.0,96.0,91.0,89.0,88.0,62.0,65.0,76.0,304.0,304.0,304.0,304.0,304.0,304.0,304.0,304.0,304.0,304.0,304.0,304.0,304.0,304.0,304.0,304.0,304.0,304.0,304.0,304.0,304.0,304.0,304.0,304.0,304.0,304.0,304.0,304.0,304.0,304.0,304.0,304.0,304.0,72.0
0.5393688772240364,0,113.0,102.0,304.0,304.0,304.0,304.0,304.0,107.0,65.0,89.0,304.0,72.0,304.0,304.0,304.0,304.0,304.0,304.0,304.0,304.0,304.0,304.0,304.0,304.0,304.0,304.0,304.0,304.0,304.0,304.0,304.0,304.0,304.0,304.0,304.0,304.0,304.0,304.0,304.0,304.0,304.0,304.0,304.0,304.0,304.0,304.0,304.0,304.0,304.0,113.0
0.5393688772240364,0,114.0,109.0,304.0,304.0,304.0,304.0,304.0,102.0,88.0,304.0,75.0,304.0,304.0,304.0,304.0,304.0,304.0,304.0,304.0,304.0,304.0,304.0,304.0,304.0,304.0,304.0,304.0,304.0,304.0,304.0,304.0,304.0,304.0,304.0,304.0,304.0,304.0,304.0,304.0,304.0,304.0,304.0,304.0,304.0,304.0,304.0,304.0,304.0,304.0,114.0
0.5236213263344218,0,100.0,81.0,77.0,304.0,304.0,129.0,108.0,91.0,304.0,304.0,304.0,304.0,304.0,304.0,304.0,304.0,304.0,304.0,304.0,304.0,304.0,304.0,304.0,304.0,304.0,304.0,304.0,304.0,304.0,304.0,304.0,304.0,304.0,304.0,304.0,304.0,304.0,304.0,304.0,304.0,304.0,304.0,304.0,304.0,304.0,304.0,304.0,304.0,304.0,100.0
0.5826746421704764,0,114.0,102.0,304.0,304.0,153.0,119.0,97.0,122.0,304.0,304.0,304.0,304.0,304.0,304.0,304.0,304.0,304.0,304.0,304.0,304.0,304.0,304.0,253.0,304.0,304.0,304.0,304.0,304.0,304.0,304.0,304.0,304.0,304.0,304.0,304.0,304.0,304.0,304.0,304.0,304.0,304.0,304.0,304.0,304.0,304.0,304.0,304.0,304.0,304.0,114.0
0.5511795403912473,0,149.0,140.0,249.0,167.0,304.0,304.0,304.0,304.0,304.0,304.0,304.0,304.0,304.0,304.0,304.0,304.0,304.0,304.0,304.0,304.0,304.0,304.0,239.0,304.0,304.0,304.0,304.0,304.0,304.0,304.0,304.0,304.0,304.0,304.0,304.0,304.0,304.0,304.0,304.0,304.0,304.0,304.0,304.0,304.0,304.0,304.0,304.0,304.0,304.0,149.0
0.5393688772240364,0,304.0,304.0,304.0,304.0,178.0,146.0,304.0,112.0,102.0,96.0,90.0,89.0,87.0,304.0,304.0,304.0,304.0,304.0,304.0,304.0,145.0,304.0,232.0,304.0,304.0,304.0,304.0,304.0,304.0,304.0,304.0,304.0,304.0,304.0,304.0,304.0,304.0,304.0,304.0,304.0,304.0,304.0,304.0,304.0,304.0,304.0,304.0,304.0,304.0,304.0
0.5393688772240364,0,250.0,221.0,304.0,304.0,304.0,304.0,117.0,304.0,95.0,89.0,83.0,81.0,80.0,80.0,82.0,304.0,304.0,304.0,304.0,116.0,134.0,164.0,213.0,303.0,304.0,304.0,304.0,304.0,304.0,304.0,304.0,304.0,304.0,304.0,304.0,304.0,304.0,304.0,304.0,304.0,304.0,304.0,304.0,304.0,304.0,304.0,304.0,304.0,304.0,250.0
0.5393688772240364,0,286.0,304.0,304.0,208.0,304.0,129.0,111.0,99.0,88.0,83.0,79.0,76.0,76.0,76.0,77.0,78.0,83.0,87.0,304.0,110.0,125.0,155.0,200.0,288.0,304.0,304.0,304.0,304.0,304.0,304.0,304.0,304.0,304.0,304.0,304.0,304.0,304.0,304.0,304.0,304.0,304.0,304.0,304.0,304.0,304.0,304.0,304.0,304.0,304.0,286.0
0.5393688772240364,-0.30042420728171637,304.0,304.0,280.0,190.0,145.0,119.0,103.0,89.0,81.0,76.0,70.0,68.0,68.0,68.0,69.0,72.0,74.0,79.0,86.0,304.0,112.0,133.0,174.0,247.0,304.0,304.0,304.0,304.0,304.0,304.0,304.0,304.0,304.0,304.0,304.0,304.0,304.0,304.0,304.0,304.0,304.0,304.0,304.0,304.0,304.0,304.0,304.0,304.0,304.0,304.0
0.5236213263344218,-0.347880489516892,304.0,304.0,233.0,152.0,117.0,96.0,80.0,71.0,65.0,58.0,56.0,54.0,54.0,54.0,53.0,55.0,58.0,63.0,67.0,73.0,85.0,104.0,131.0,184.0,304.0,304.0,304.0,304.0,304.0,304.0,304.0,304.0,304.0,304.0,304.0,304.0,304.0,304.0,304.0,304.0,304.0,304.0,304.0,304.0,304.0,304.0,304.0,304.0,304.0,304.0
0.5236213263344218,-0.6640522476882229,304.0,304.0,202.0,136.0,96.0,79.0,68.0,58.0,53.0,50.0,45.0,44.0,44.0,44.0,45.0,44.0,47.0,50.0,56.0,61.0,72.0,86.0,112.0,152.0,253.0,304.0,304.0,304.0,304.0,304.0,304.0,304.0,304.0,304.0,304.0,304.0,304.0,304.0,304.0,304.0,304.0,304.0,304.0,304.0,304.0,304.0,304.0,304.0,304.0,304.0
0.5236213263344218,-0.6640522476882229,304.0,304.0,304.0,304.0,80.0,304.0,304.0,304.0,46.0,304.0,304.0,304.0,304.0,304.0,304.0,304.0,304.0,304.0,304.0,304.0,304.0,66.0,86.0,121.0,304.0,304.0,304.0,304.0,304.0,304.0,304.0,304.0,304.0,304.0,304.0,304.0,304.0,304.0,304.0,304.0,304.0,304.0,304.0,304.0,304.0,304.0,304.0,304.0,304.0,304.0
0.5236213263344218,-0.30832850123599964,304.0,304.0,194.0,136.0,100.0,79.0,68.0,61.0,53.0,50.0,47.0,46.0,44.0,44.0,45.0,46.0,49.0,53.0,56.0,61.0,72.0,86.0,112.0,150.0,235.0,304.0,304.0,304.0,304.0,304.0,304.0,304.0,304.0,304.0,304.0,304.0,304.0,304.0,304.0,304.0,304.0,304.0,304.0,304.0,304.0,304.0,304.0,304.0,304.0,304.0
0.5118106631672109,-0.4664448988311411,304.0,321.0,170.0,120.0,92.0,76.0,65.0,58.0,53.0,50.0,47.0,46.0,46.0,46.0,47.0,48.0,51.0,55.0,59.0,67.0,76.0,89.0,112.0,152.0,259.0,304.0,304.0,304.0,304.0,304.0,304.0,304.0,304.0,304.0,304.0,304.0,304.0,304.0,304.0,304.0,304.0,304.0,304.0,304.0,304.0,304.0,304.0,304.0,304.0,304.0
0.5118106631672109,-0.9960631122775964,304.0,290.0,123.0,83.0,62.0,52.0,45.0,38.0,34.0,32.0,31.0,30.0,30.0,30.0,30.0,31.0,33.0,36.0,40.0,45.0,54.0,67.0,80.0,304.0,239.0,304.0,304.0,304.0,304.0,304.0,304.0,304.0,304.0,304.0,304.0,304.0,304.0,304.0,304.0,304.0,304.0,304.0,304.0,304.0,304.0,304.0,304.0,304.0,304.0,304.0
0.5393688772240364,0,304.0,227.0,83.0,51.0,39.0,32.0,28.0,25.0,23.0,21.0,20.0,20.0,20.0,20.0,20.0,20.0,20.0,21.0,23.0,27.0,32.0,42.0,54.0,79.0,162.0,304.0,304.0,304.0,304.0,304.0,304.0,304.0,304.0,304.0,304.0,304.0,304.0,304.0,304.0,304.0,304.0,304.0,304.0,304.0,304.0,304.0,304.0,304.0,304.0,304.0
0.5511795403912473,-0.4664448988311411,304.0,304.0,185.0,304.0,56.0,46.0,34.0,30.0,27.0,26.0,24.0,24.0,22.0,23.0,22.0,23.0,24.0,24.0,26.0,30.0,35.0,44.0,58.0,71.0,138.0,304.0,304.0,304.0,304.0,304.0,304.0,304.0,304.0,304.0,304.0,304.0,304.0,304.0,304.0,304.0,304.0,304.0,304.0,304.0,304.0,304.0,304.0,304.0,304.0,304.0
0.5393688772240364,-0.9486373485518967,304.0,304.0,304.0,67.0,47.0,36.0,28.0,27.0,25.0,23.0,22.0,304.0,304.0,304.0,304.0,304.0,304.0,20.0,21.0,24.0,26.0,30.0,42.0,65.0,62.0,304.0,304.0,304.0,304.0,304.0,304.0,304.0,304.0,304.0,304.0,304.0,304.0,304.0,304.0,304.0,304.0,304.0,304.0,304.0,304.0,304.0,304.0,304.0,304.0,304.0
0.5669270912808618,0,304.0,304.0,304.0,62.0,35.0,26.0,22.0,20.0,16.0,15.0,14.0,14.0,14.0,14.0,14.0,13.0,13.0,14.0,14.0,15.0,17.0,21.0,29.0,33.0,42.0,304.0,304.0,304.0,304.0,304.0,304.0,304.0,304.0,304.0,304.0,304.0,304.0,304.0,304.0,304.0,304.0,304.0,304.0,304.0,304.0,304.0,304.0,304.0,304.0,304.0
0.5826746421704764,0,304.0,304.0,249.0,304.0,304.0,304.0,390.0,304.0,219.0,268.0,171.0,304.0,220.0,304.0,311.0,283.0,304.0,304.0,304.0,304.0,304.0,304.0,304.0,146.0,304.0,304.0,304.0,304.0,304.0,304.0,304.0,304.0,304.0,304.0,304.0,304.0,304.0,304.0,304.0,304.0,304.0,304.0,304.0,304.0,304.0,304.0,304.0,304.0,304.0,304.0
0.5944853053376873,0,304.0,274.0,201.0,159.0,136.0,119.0,109.0,102.0,97.0,93.0,91.0,304.0,304.0,304.0,171.0,235.0,356.0,304.0,304.0,304.0,304.0,304.0,304.0,304.0,282.0,304.0,304.0,304.0,304.0,304.0,304.0,304.0,304.0,304.0,304.0,304.0,304.0,304.0,304.0,304.0,304.0,304.0,304.0,304.0,304.0,304.0,304.0,304.0,304.0,304.0
0.6102328562273018,0,304.0,257.0,186.0,152.0,129.0,114.0,105.0,96.0,93.0,89.0,88.0,89.0,90.0,92.0,98.0,304.0,114.0,321.0,304.0,304.0,304.0,304.0,304.0,288.0,308.0,304.0,304.0,304.0,304.0,304.0,304.0,304.0,304.0,304.0,304.0,304.0,304.0,304.0,304.0,304.0,304.0,304.0,304.0,304.0,304.0,304.0,304.0,304.0,304.0,304.0
0.6102328562273018,0.3003631702627644,304.0,217.0,164.0,136.0,117.0,102.0,97.0,89.0,84.0,83.0,81.0,81.0,84.0,86.0,90.0,97.0,108.0,121.0,304.0,304.0,304.0,304.0,304.0,315.0,304.0,304.0,304.0,304.0,304.0,304.0,304.0,304.0,304.0,304.0,304.0,304.0,304.0,304.0,304.0,304.0,304.0,304.0,304.0,304.0,304.0,304.0,304.0,304.0,304.0,304.0
0.6220435193945127,0.34781945249794,289.0,196.0,151.0,126.0,109.0,99.0,88.0,84.0,80.0,78.0,77.0,78.0,80.0,84.0,88.0,95.0,105.0,121.0,142.0,304.0,304.0,304.0,304.0,304.0,304.0,304.0,304.0,304.0,304.0,304.0,304.0,304.0,304.0,304.0,304.0,304.0,304.0,304.0,304.0,304.0,304.0,304.0,304.0,304.0,304.0,304.0,304.0,304.0,304.0,289.0
0.6220435193945127,0.4980010376293222,267.0,181.0,146.0,121.0,104.0,94.0,88.0,81.0,79.0,77.0,77.0,78.0,80.0,82.0,88.0,95.0,105.0,121.0,145.0,304.0,304.0,304.0,310.0,304.0,304.0,304.0,304.0,304.0,304.0,304.0,304.0,304.0,304.0,304.0,304.0,304.0,304.0,304.0,304.0,304.0,304.0,304.0,304.0,304.0,304.0,304.0,304.0,304.0,304.0,267.0
0.5944853053376873,0,303.0,213.0,170.0,142.0,125.0,113.0,104.0,98.0,93.0,91.0,91.0,93.0,94.0,98.0,104.0,304.0,304.0,304.0,304.0,304.0,304.0,304.0,304.0,320.0,304.0,304.0,304.0,304.0,304.0,304.0,304.0,304.0,304.0,304.0,304.0,304.0,304.0,304.0,304.0,304.0,304.0,304.0,304.0,304.0,304.0,304.0,304.0,304.0,304.0,303.0
0.6102328562273018,0,304.0,290.0,225.0,184.0,161.0,144.0,131.0,125.0,119.0,304.0,304.0,228.0,304.0,304.0,262.0,304.0,304.0,304.0,304.0,304.0,166.0,304.0,304.0,246.0,295.0,304.0,304.0,304.0,304.0,304.0,304.0,304.0,304.0,304.0,304.0,304.0,304.0,304.0,304.0,304.0,304.0,304.0,304.0,304.0,304.0,304.0,304.0,304.0,304.0,304.0
0.6929074983977783,0,304.0,318.0,243.0,202.0,304.0,304.0,304.0,304.0,304.0,327.0,304.0,304.0,304.0,304.0,304.0,304.0,304.0,304.0,304.0,304.0,304.0,304.0,304.0,304.0,244.0,304.0,304.0,304.0,304.0,304.0,304.0,304.0,304.0,304.0,304.0,304.0,304.0,304.0,304.0,304.0,304.0,304.0,304.0,304.0,304.0,304.0,304.0,304.0,304.0,304.0
0.7086550492873929,0,304.0,304.0,249.0,206.0,178.0,159.0,304.0,304.0,304.0,327.0,304.0,304.0,262.0,304.0,304.0,115.0,304.0,304.0,304.0,122.0,131.0,304.0,304.0,304.0,243.0,304.0,304.0,304.0,304.0,304.0,304.0,304.0,304.0,304.0,304.0,304.0,304.0,304.0,304.0,304.0,304.0,304.0,304.0,304.0,304.0,304.0,304.0,304.0,304.0,304.0
0.7244026001770074,0,304.0,304.0,257.0,211.0,182.0,163.0,304.0,304.0,304.0,334.0,304.0,304.0,266.0,304.0,304.0,112.0,112.0,304.0,304.0,122.0,131.0,304.0,304.0,304.0,304.0,304.0,304.0,304.0,304.0,304.0,304.0,304.0,304.0,304.0,304.0,304.0,304.0,304.0,304.0,304.0,304.0,304.0,304.0,304.0,304.0,304.0,304.0,304.0,304.0,304.0
0.7086550492873929,0,304.0,304.0,264.0,216.0,304.0,164.0,304.0,304.0,304.0,304.0,304.0,304.0,304.0,304.0,304.0,111.0,112.0,304.0,304.0,304.0,304.0,304.0,304.0,304.0,304.0,304.0,304.0,304.0,304.0,304.0,304.0,304.0,304.0,304.0,304.0,304.0,304.0,304.0,304.0,304.0,304.0,304.0,304.0,304.0,304.0,304.0,304.0,304.0,304.0,304.0
0.6929074983977783,0,304.0,304.0,265.0,216.0,186.0,304.0,304.0,334.0,304.0,304.0,304.0,304.0,174.0,304.0,304.0,110.0,304.0,304.0,304.0,304.0,304.0,304.0,304.0,304.0,304.0,304.0,304.0,304.0,304.0,304.0,304.0,304.0,304.0,304.0,304.0,304.0,304.0,304.0,304.0,304.0,304.0,304.0,304.0,304.0,304.0,304.0,304.0,304.0,304.0,304.0
0.6810968352305673,0,304.0,304.0,255.0,206.0,178.0,304.0,304.0,304.0,304.0,304.0,304.0,304.0,304.0,304.0,304.0,102.0,304.0,304.0,304.0,304.0,304.0,304.0,304.0,304.0,304.0,304.0,304.0,304.0,304.0,304.0,304.0,304.0,304.0,304.0,304.0,304.0,304.0,304.0,304.0,304.0,304.0,304.0,304.0,304.0,304.0,304.0,304.0,304.0,304.0,304.0
0.6810968352305673,0,304.0,304.0,304.0,211.0,304.0,304.0,304.0,304.0,304.0,304.0,304.0,304.0,174.0,304.0,304.0,104.0,304.0,304.0,304.0,304.0,304.0,304.0,304.0,304.0,304.0,304.0,304.0,304.0,304.0,304.0,304.0,304.0,304.0,304.0,304.0,304.0,304.0,304.0,304.0,304.0,304.0,304.0,304.0,304.0,304.0,304.0,304.0,304.0,304.0,304.0
0.6810968352305673,0,304.0,299.0,225.0,184.0,161.0,143.0,304.0,304.0,304.0,304.0,304.0,304.0,304.0,304.0,176.0,304.0,304.0,304.0,304.0,304.0,145.0,304.0,304.0,304.0,304.0,304.0,304.0,304.0,304.0,304.0,304.0,304.0,304.0,304.0,304.0,304.0,304.0,304.0,304.0,304.0,304.0,304.0,304.0,304.0,304.0,304.0,304.0,304.0,304.0,304.0
0.6653492843409528,0,304.0,290.0,223.0,184.0,157.0,143.0,304.0,304.0,304.0,304.0,304.0,304.0,304.0,304.0,304.0,304.0,304.0,304.0,304.0,304.0,304.0,304.0,304.0,304.0,304.0,304.0,304.0,304.0,304.0,304.0,304.0,304.0,304.0,304.0,304.0,304.0,304.0,304.0,304.0,304.0,304.0,304.0,304.0,304.0,304.0,304.0,304.0,304.0,304.0,304.0
0.6929074983977783,0.3399151585436567,304.0,279.0,214.0,179.0,153.0,140.0,304.0,304.0,304.0,304.0,304.0,304.0,304.0,304.0,304.0,191.0,304.0,304.0,304.0,304.0,304.0,304.0,304.0,304.0,304.0,304.0,304.0,304.0,304.0,304.0,304.0,304.0,304.0,304.0,304.0,304.0,304.0,304.0,304.0,304.0,304.0,304.0,304.0,304.0,304.0,304.0,304.0,304.0,304.0,304.0
0.6929074983977783,0,304.0,293.0,227.0,190.0,304.0,304.0,304.0,304.0,304.0,304.0,304.0,304.0,304.0,304.0,186.0,304.0,304.0,304.0,129.0,304.0,160.0,304.0,304.0,304.0,304.0,304.0,304.0,304.0,304.0,304.0,304.0,304.0,304.0,304.0,304.0,304.0,304.0,304.0,304.0,304.0,304.0,304.0,304.0,304.0,304.0,304.0,304.0,304.0,304.0,304.0
0.6929074983977783,0,304.0,318.0,243.0,304.0,304.0,304.0,304.0,385.0,121.0,275.0,304.0,304.0,304.0,304.0,304.0,304.0,103.0,304.0,118.0,129.0,304.0,304.0,304.0,304.0,304.0,304.0,304.0,304.0,304.0,304.0,304.0,304.0,304.0,304.0,304.0,304.0,304.0,304.0,304.0,304.0,304.0,304.0,304.0,304.0,304.0,304.0,304.0,304.0,304.0,304.0
0.6929074983977783,0,304.0,304.0,304.0,304.0,304.0,304.0,304.0,304.0,304.0,304.0,304.0,304.0,304.0,92.0,304.0,304.0,99.0,102.0,110.0,122.0,138.0,304.0,304.0,304.0,304.0,304.0,304.0,304.0,304.0,304.0,304.0,304.0,304.0,304.0,304.0,304.0,304.0,304.0,304.0,304.0,304.0,304.0,304.0,304.0,304.0,304.0,304.0,304.0,304.0,304.0
0.6535386211737418,0,304.0,304.0,304.0,304.0,194.0,304.0,137.0,122.0,112.0,304.0,304.0,304.0,304.0,84.0,272.0,85.0,88.0,92.0,99.0,108.0,120.0,304.0,304.0,304.0,304.0,304.0,304.0,304.0,304.0,304.0,304.0,304.0,304.0,304.0,304.0,304.0,304.0,304.0,304.0,304.0,304.0,304.0,304.0,304.0,304.0,304.0,304.0,304.0,304.0,304.0
0.6377910702841273,0,304.0,304.0,304.0,304.0,304.0,159.0,136.0,304.0,304.0,89.0,304.0,81.0,80.0,78.0,79.0,80.0,83.0,85.0,91.0,98.0,110.0,127.0,150.0,304.0,304.0,304.0,304.0,304.0,304.0,304.0,304.0,304.0,304.0,304.0,304.0,304.0,304.0,304.0,304.0,304.0,304.0,304.0,304.0,304.0,304.0,304.0,304.0,304.0,304.0,304.0
0.6377910702841273,-0.12652974028748437,304.0,304.0,304.0,304.0,304.0,304.0,304.0,94.0,84.0,76.0,72.0,68.0,68.0,68.0,67.0,68.0,69.0,72.0,77.0,85.0,92.0,109.0,304.0,304.0,304.0,304.0,304.0,304.0,304.0,304.0,304.0,304.0,304.0,304.0,304.0,304.0,304.0,304.0,304.0,304.0,304.0,304.0,304.0,304.0,304.0,304.0,304.0,304.0,304.0,304.0
0.6220435193945127,-0.38740195928830834,304.0,304.0,304.0,304.0,304.0,109.0,91.0,79.0,69.0,65.0,60.0,58.0,56.0,56.0,55.0,57.0,304.0,58.0,61.0,67.0,304.0,304.0,304.0,304.0,304.0,304.0,304.0,304.0,304.0,304.0,304.0,304.0,304.0,304.0,304.0,304.0,304.0,304.0,304.0,304.0,304.0,304.0,304.0,304.0,304.0,304.0,304.0,304.0,304.0,304.0
0.6102328562273018,0,304.0,304.0,233.0,142.0,96.0,76.0,59.0,50.0,46.0,41.0,39.0,36.0,36.0,36.0,34.0,36.0,35.0,38.0,41.0,44.0,50.0,304.0,304.0,304.0,304.0,304.0,304.0,304.0,304.0,304.0,304.0,304.0,304.0,304.0,304.0,304.0,304.0,304.0,304.0,304.0,304.0,304.0,304.0,304.0,304.0,304.0,304.0,304.0,304.0,304.0
0.6102328562273018,-0.7273171178319651,304.0,304.0,233.0,136.0,96.0,76.0,62.0,53.0,46.0,41.0,39.0,36.0,34.0,34.0,32.0,34.0,35.0,36.0,40.0,42.0,46.0,54.0,64.0,304.0,304.0,304.0,304.0,304.0,304.0,304.0,304.0,304.0,304.0,304.0,304.0,304.0,304.0,304.0,304.0,304.0,304.0,304.0,304.0,304.0,304.0,304.0,304.0,304.0,304.0,304.0
0.6102328562273018,-0.521774956511124,304.0,304.0,304.0,126.0,80.0,59.0,48.0,40.0,37.0,32.0,31.0,30.0,30.0,30.0,28.0,27.0,29.0,31.0,32.0,36.0,39.0,46.0,61.0,304.0,304.0,304.0,304.0,304.0,304.0,304.0,304.0,304.0,304.0,304.0,304.0,304.0,304.0,304.0,304.0,304.0,304.0,304.0,304.0,304.0,304.0,304.0,304.0,304.0,304.0,304.0
0.6220435193945127,0,304.0,304.0,202.0,115.0,80.0,59.0,51.0,43.0,39.0,304.0,33.0,30.0,30.0,28.0,28.0,29.0,29.0,31.0,32.0,36.0,39.0,44.0,55.0,83.0,304.0,304.0,304.0,304.0,304.0,304.0,304.0,304.0,304.0,304.0,304.0,304.0,304.0,304.0,304.0,304.0,304.0,304.0,304.0,304.0,304.0,304.0,304.0,304.0,304.0,304.0
0.6102328562273018,-0.21347697378460037,304.0,304.0,304.0,168.0,121.0,96.0,80.0,71.0,62.0,56.0,54.0,52.0,50.0,50.0,51.0,304.0,51.0,53.0,59.0,64.0,72.0,81.0,99.0,131.0,304.0,304.0,304.0,304.0,304.0,304.0,304.0,304.0,304.0,304.0,304.0,304.0,304.0,304.0,304.0,304.0,304.0,304.0,304.0,304.0,304.0,304.0,304.0,304.0,304.0,304.0
0.6102328562273018,-0.6561479537339396,304.0,304.0,328.0,147.0,96.0,79.0,68.0,55.0,48.0,43.0,41.0,38.0,38.0,36.0,36.0,38.0,38.0,41.0,45.0,304.0,52.0,58.0,73.0,89.0,304.0,304.0,304.0,304.0,304.0,304.0,304.0,304.0,304.0,304.0,304.0,304.0,304.0,304.0,304.0,304.0,304.0,304.0,304.0,304.0,304.0,304.0,304.0,304.0,304.0,304.0
0.6102328562273018,-0.6561479537339396,304.0,304.0,304.0,104.0,64.0,46.0,36.0,32.0,27.0,26.0,24.0,23.0,22.0,22.0,22.0,21.0,22.0,24.0,26.0,30.0,304.0,304.0,304.0,304.0,304.0,304.0,304.0,304.0,304.0,304.0,304.0,304.0,304.0,304.0,304.0,304.0,304.0,304.0,304.0,304.0,304.0,304.0,304.0,304.0,304.0,304.0,304.0,304.0,304.0,304.0
0.6102328562273018,0,304.0,304.0,304.0,304.0,304.0,133.0,304.0,304.0,304.0,61.0,52.0,48.0,48.0,44.0,43.0,44.0,44.0,48.0,48.0,51.0,57.0,64.0,86.0,304.0,304.0,304.0,304.0,304.0,304.0,304.0,304.0,304.0,304.0,304.0,304.0,304.0,304.0,304.0,304.0,304.0,304.0,304.0,304.0,304.0,304.0,304.0,304.0,304.0,304.0,304.0
0.6377910702841273,0,304.0,321.0,280.0,304.0,304.0,304.0,304.0,304.0,304.0,304.0,304.0,304.0,304.0,304.0,86.0,87.0,90.0,92.0,304.0,304.0,110.0,304.0,304.0,304.0,304.0,304.0,304.0,304.0,304.0,304.0,304.0,304.0,304.0,304.0,304.0,304.0,304.0,304.0,304.0,304.0,304.0,304.0,304.0,304.0,304.0,304.0,304.0,304.0,304.0,304.0
0.6653492843409528,0,304.0,304.0,304.0,304.0,304.0,304.0,304.0,304.0,304.0,304.0,304.0,304.0,304.0,304.0,90.0,304.0,94.0,97.0,304.0,304.0,304.0,304.0,304.0,304.0,304.0,304.0,304.0,304.0,304.0,304.0,304.0,304.0,304.0,304.0,304.0,304.0,304.0,304.0,304.0,304.0,304.0,304.0,304.0,304.0,304.0,304.0,304.0,304.0,304.0,304.0
0.6220435193945127,0,304.0,304.0,304.0,304.0,304.0,304.0,304.0,304.0,304.0,304.0,304.0,304.0,88.0,88.0,304.0,304.0,304.0,97.0,102.0,403.0,304.0,304.0,304.0,304.0,304.0,304.0,304.0,304.0,304.0,304.0,304.0,304.0,304.0,304.0,304.0,304.0,304.0,304.0,304.0,304.0,304.0,304.0,304.0,304.0,304.0,304.0,304.0,304.0,304.0,304.0
0.6102328562273018,-0.173955504013184,304.0,304.0,304.0,304.0,304.0,304.0,304.0,304.0,304.0,304.0,91.0,304.0,84.0,84.0,84.0,85.0,304.0,304.0,96.0,304.0,116.0,304.0,304.0,304.0,304.0,304.0,304.0,304.0,304.0,304.0,304.0,304.0,304.0,304.0,304.0,304.0,304.0,304.0,304.0,304.0,304.0,304.0,304.0,304.0,304.0,304.0,304.0,304.0,304.0,304.0
0.6102328562273018,0,304.0,304.0,304.0,304.0,304.0,304.0,304.0,102.0,304.0,304.0,79.0,74.0,72.0,72.0,71.0,72.0,76.0,80.0,304.0,304.0,304.0,304.0,304.0,304.0,304.0,304.0,304.0,304.0,304.0,304.0,304.0,304.0,304.0,304.0,304.0,304.0,304.0,304.0,304.0,304.0,304.0,304.0,304.0,304.0,304.0,304.0,304.0,304.0,304.0,304.0
0.6377910702841273,-0.33204138309884945,304.0,304.0,304.0,206.0,153.0,123.0,103.0,91.0,84.0,304.0,70.0,66.0,66.0,64.0,63.0,64.0,67.0,70.0,75.0,82.0,94.0,304.0,304.0,304.0,304.0,304.0,304.0,304.0,304.0,304.0,304.0,304.0,304.0,304.0,304.0,304.0,304.0,304.0,304.0,304.0,304.0,304.0,304.0,304.0,304.0,304.0,304.0,304.0,304.0,304.0
0.6377910702841273,0,304.0,304.0,304.0,163.0,121.0,92.0,80.0,71.0,65.0,56.0,304.0,50.0,48.0,48.0,48.0,46.0,47.0,50.0,56.0,61.0,65.0,75.0,93.0,121.0,304.0,304.0,304.0,304.0,304.0,304.0,304.0,304.0,304.0,304.0,304.0,304.0,304.0,304.0,304.0,304.0,304.0,304.0,304.0,304.0,304.0,304.0,304.0,304.0,304.0,304.0
0.6535386211737418,-0.4190191351054415,304.0,304.0,304.0,158.0,109.0,82.0,68.0,58.0,53.0,48.0,45.0,42.0,42.0,42.0,41.0,42.0,44.0,46.0,50.0,54.0,304.0,72.0,304.0,304.0,304.0,304.0,304.0,304.0,304.0,304.0,304.0,304.0,304.0,304.0,304.0,304.0,304.0,304.0,304.0,304.0,304.0,304.0,304.0,304.0,304.0,304.0,304.0,304.0,304.0,304.0
0.6377910702841273,-0.36368907742545853,304.0,304.0,176.0,304.0,304.0,304.0,304.0,304.0,304.0,304.0,304.0,304.0,304.0,304.0,304.0,304.0,304.0,304.0,304.0,304.0,304.0,304.0,304.0,304.0,304.0,304.0,304.0,304.0,304.0,304.0,304.0,304.0,304.0,304.0,304.0,304.0,304.0,304.0,304.0,304.0,304.0,304.0,304.0,304.0,304.0,304.0,304.0,304.0,304.0,304.0
0.6102328562273018,-0.6008178960539567,304.0,304.0,107.0,304.0,304.0,304.0,304.0,304.0,304.0,304.0,304.0,304.0,304.0,304.0,304.0,304.0,304.0,304.0,304.0,304.0,304.0,304.0,304.0,304.0,304.0,304.0,304.0,304.0,304.0,304.0,304.0,304.0,304.0,304.0,304.0,304.0,304.0,304.0,304.0,304.0,304.0,304.0,304.0,304.0,304.0,304.0,304.0,304.0,304.0,304.0
0.6102328562273018,-0.27671132541886656,304.0,304.0,123.0,304.0,304.0,304.0,304.0,304.0,304.0,304.0,304.0,304.0,304.0,304.0,304.0,304.0,304.0,304.0,304.0,304.0,304.0,304.0,304.0,304.0,304.0,304.0,304.0,304.0,304.0,304.0,304.0,304.0,304.0,304.0,304.0,304.0,304.0,304.0,304.0,304.0,304.0,304.0,304.0,304.0,304.0,304.0,304.0,304.0,304.0,304.0
0.6102328562273018,-0.4585406048768578,304.0,321.0,138.0,78.0,43.0,39.0,304.0,304.0,304.0,304.0,304.0,304.0,304.0,304.0,304.0,304.0,304.0,304.0,304.0,304.0,304.0,304.0,304.0,304.0,304.0,304.0,304.0,304.0,304.0,304.0,304.0,304.0,304.0,304.0,304.0,304.0,304.0,304.0,304.0,304.0,304.0,304.0,304.0,304.0,304.0,304.0,304.0,304.0,304.0,304.0
0.5826746421704764,-0.4427320169682913,304.0,304.0,304.0,304.0,304.0,304.0,304.0,304.0,304.0,304.0,304.0,304.0,304.0,304.0,304.0,304.0,304.0,304.0,304.0,304.0,304.0,304.0,304.0,304.0,304.0,304.0,304.0,304.0,304.0,304.0,304.0,304.0,304.0,304.0,304.0,304.0,304.0,304.0,304.0,304.0,304.0,304.0,304.0,304.0,304.0,304.0,304.0,304.0,304.0,304.0
0.5826746421704764,-0.28461561937314983,304.0,304.0,304.0,304.0,304.0,304.0,304.0,304.0,304.0,304.0,304.0,304.0,304.0,304.0,304.0,304.0,304.0,304.0,304.0,304.0,304.0,304.0,304.0,304.0,304.0,304.0,304.0,304.0,304.0,304.0,304.0,304.0,304.0,304.0,304.0,304.0,304.0,304.0,304.0,304.0,304.0,304.0,304.0,304.0,304.0,304.0,304.0,304.0,304.0,304.0
0.5826746421704764,-0.5771050141911069,304.0,304.0,304.0,304.0,304.0,304.0,304.0,304.0,304.0,304.0,304.0,304.0,304.0,304.0,304.0,304.0,304.0,304.0,304.0,304.0,304.0,304.0,304.0,304.0,304.0,304.0,304.0,304.0,304.0,304.0,304.0,304.0,304.0,304.0,304.0,304.0,304.0,304.0,304.0,304.0,304.0,304.0,304.0,304.0,304.0,304.0,304.0,304.0,304.0,304.0
0.5826746421704764,-0.7984557634205145,304.0,304.0,304.0,304.0,304.0,304.0,304.0,304.0,304.0,304.0,304.0,304.0,304.0,304.0,304.0,304.0,304.0,304.0,304.0,304.0,304.0,304.0,304.0,304.0,304.0,304.0,304.0,304.0,304.0,304.0,304.0,304.0,304.0,304.0,304.0,304.0,304.0,304.0,304.0,304.0,304.0,304.0,304.0,304.0,304.0,304.0,304.0,304.0,304.0,304.0
0.6102328562273018,-0.814264351329081,304.0,304.0,304.0,304.0,304.0,304.0,304.0,304.0,304.0,304.0,304.0,304.0,304.0,304.0,304.0,304.0,304.0,304.0,304.0,304.0,304.0,304.0,304.0,304.0,304.0,304.0,304.0,304.0,304.0,304.0,304.0,304.0,304.0,304.0,304.0,304.0,304.0,304.0,304.0,304.0,304.0,304.0,304.0,304.0,304.0,304.0,304.0,304.0,304.0,304.0
0.6220435193945127,-0.6008178960539567,304.0,304.0,304.0,304.0,304.0,304.0,393.0,304.0,304.0,304.0,304.0,304.0,304.0,304.0,304.0,304.0,304.0,304.0,304.0,304.0,304.0,304.0,304.0,304.0,304.0,304.0,304.0,304.0,304.0,304.0,304.0,304.0,304.0,304.0,304.0,304.0,304.0,304.0,304.0,304.0,304.0,304.0,304.0,304.0,304.0,304.0,304.0,304.0,304.0,304.0
0.6220435193945127,0,304.0,304.0,304.0,304.0,304.0,400.0,304.0,322.0,304.0,290.0,304.0,304.0,304.0,304.0,304.0,304.0,304.0,304.0,304.0,304.0,304.0,304.0,304.0,304.0,304.0,304.0,304.0,304.0,304.0,304.0,304.0,304.0,304.0,304.0,304.0,304.0,304.0,304.0,304.0,304.0,304.0,304.0,304.0,304.0,304.0,304.0,304.0,304.0,304.0,304.0
0.6220435193945127,-0.15024262215033418,304.0,304.0,304.0,304.0,304.0,304.0,304.0,304.0,304.0,304.0,304.0,304.0,304.0,304.0,304.0,304.0,304.0,304.0,304.0,304.0,304.0,304.0,304.0,304.0,304.0,304.0,304.0,304.0,304.0,304.0,304.0,304.0,304.0,304.0,304.0,304.0,304.0,304.0,304.0,304.0,304.0,304.0,304.0,304.0,304.0,304.0,304.0,304.0,304.0,304.0
0.6220435193945127,0,304.0,304.0,304.0,304.0,304.0,304.0,401.0,304.0,304.0,304.0,304.0,304.0,304.0,304.0,304.0,304.0,304.0,304.0,304.0,304.0,304.0,304.0,304.0,304.0,304.0,304.0,304.0,304.0,304.0,304.0,304.0,304.0,304.0,304.0,304.0,304.0,304.0,304.0,304.0,304.0,304.0,304.0,304.0,304.0,304.0,304.0,304.0,304.0,304.0,304.0
0.6220435193945127,-0.5771050141911069,304.0,304.0,304.0,304.0,304.0,304.0,304.0,304.0,304.0,304.0,304.0,304.0,304.0,304.0,304.0,304.0,304.0,304.0,304.0,304.0,304.0,304.0,304.0,304.0,304.0,304.0,304.0,304.0,304.0,304.0,304.0,304.0,304.0,304.0,304.0,304.0,304.0,304.0,304.0,304.0,304.0,304.0,304.0,304.0,304.0,304.0,304.0,304.0,304.0,304.0
0.6220435193945127,0,304.0,304.0,304.0,304.0,304.0,304.0,304.0,304.0,304.0,304.0,304.0,304.0,304.0,304.0,304.0,304.0,304.0,304.0,304.0,304.0,304.0,304.0,304.0,304.0,304.0,304.0,304.0,304.0,304.0,304.0,304.0,304.0,304.0,304.0,304.0,304.0,304.0,304.0,304.0,304.0,304.0,304.0,304.0,304.0,304.0,304.0,304.0,304.0,304.0,304.0
0.6220435193945127,0,304.0,304.0,304.0,304.0,304.0,304.0,304.0,304.0,304.0,304.0,304.0,304.0,304.0,304.0,304.0,304.0,304.0,304.0,304.0,304.0,304.0,304.0,304.0,304.0,304.0,304.0,304.0,304.0,304.0,304.0,304.0,304.0,304.0,304.0,304.0,304.0,304.0,304.0,304.0,304.0,304.0,304.0,304.0,304.0,304.0,304.0,304.0,304.0,304.0,304.0
0.6535386211737418,0,304.0,304.0,304.0,304.0,304.0,304.0,304.0,304.0,304.0,304.0,304.0,304.0,304.0,304.0,304.0,304.0,304.0,304.0,304.0,304.0,304.0,304.0,304.0,304.0,304.0,304.0,304.0,304.0,304.0,304.0,304.0,304.0,304.0,304.0,304.0,304.0,304.0,304.0,304.0,304.0,304.0,304.0,304.0,304.0,304.0,304.0,304.0,304.0,304.0,304.0
0.6377910702841273,0,304.0,304.0,304.0,304.0,304.0,304.0,304.0,304.0,304.0,304.0,304.0,304.0,304.0,304.0,304.0,304.0,304.0,304.0,304.0,304.0,304.0,304.0,304.0,304.0,304.0,304.0,304.0,304.0,304.0,304.0,304.0,304.0,304.0,304.0,304.0,304.0,304.0,304.0,304.0,304.0,304.0,304.0,304.0,304.0,304.0,304.0,304.0,304.0,304.0,304.0
0.6377910702841273,0.18970305490279854,304.0,183.0,138.0,115.0,93.0,82.0,74.0,68.0,62.0,61.0,60.0,58.0,60.0,60.0,63.0,65.0,69.0,77.0,88.0,304.0,131.0,164.0,239.0,304.0,304.0,304.0,304.0,304.0,304.0,304.0,304.0,304.0,304.0,304.0,304.0,304.0,304.0,304.0,304.0,304.0,304.0,304.0,304.0,304.0,304.0,304.0,304.0,304.0,304.0,304.0
0.6535386211737418,0.36362804040650654,304.0,144.0,107.0,85.0,72.0,62.0,57.0,53.0,51.0,48.0,47.0,46.0,48.0,48.0,49.0,53.0,56.0,63.0,72.0,85.0,105.0,146.0,213.0,304.0,304.0,304.0,304.0,304.0,304.0,304.0,304.0,304.0,304.0,304.0,304.0,304.0,304.0,304.0,304.0,304.0,304.0,304.0,304.0,304.0,304.0,304.0,304.0,304.0,304.0,304.0
0.6653492843409528,0.6718955046235542,304.0,304.0,304.0,304.0,129.0,106.0,304.0,35.0,32.0,28.0,27.0,26.0,26.0,26.0,26.0,29.0,31.0,33.0,40.0,48.0,61.0,86.0,150.0,278.0,304.0,304.0,304.0,304.0,304.0,304.0,304.0,304.0,304.0,304.0,304.0,304.0,304.0,304.0,304.0,304.0,304.0,304.0,304.0,304.0,304.0,304.0,304.0,304.0,304.0,304.0
0.6377910702841273,0.7667775505844294,304.0,310.0,202.0,35.0,27.0,22.0,19.0,15.0,13.0,15.0,14.0,14.0,14.0,14.0,16.0,16.0,17.0,19.0,23.0,30.0,39.0,58.0,93.0,205.0,304.0,304.0,304.0,304.0,304.0,304.0,304.0,304.0,304.0,304.0,304.0,304.0,304.0,304.0,304.0,304.0,304.0,304.0,304.0,304.0,304.0,304.0,304.0,304.0,304.0,304.0
0.6377910702841273,0.782586138492996,71.0,55.0,217.0,168.0,15.0,15.0,11.0,9.0,9.0,8.0,8.0,8.0,12.0,14.0,16.0,16.0,17.0,16.0,18.0,21.0,21.0,26.0,48.0,163.0,304.0,304.0,304.0,304.0,304.0,304.0,304.0,304.0,304.0,304.0,304.0,304.0,304.0,304.0,304.0,304.0,304.0,304.0,304.0,304.0,304.0,304.0,304.0,304.0,304.0,71.0
0.6377910702841273,0.782586138492996,95.0,71.0,260.0,35.0,27.0,22.0,19.0,17.0,16.0,15.0,14.0,14.0,16.0,16.0,16.0,16.0,17.0,19.0,23.0,27.0,35.0,54.0,99.0,304.0,304.0,304.0,304.0,304.0,304.0,304.0,304.0,304.0,304.0,304.0,304.0,304.0,304.0,304.0,304.0,304.0,304.0,304.0,304.0,304.0,304.0,304.0,304.0,304.0,304.0,95.0
0.6220435193945127,0.5691396832178717,304.0,304.0,304.0,72.0,64.0,56.0,51.0,48.0,46.0,45.0,46.0,46.0,46.0,46.0,49.0,51.0,56.0,63.0,72.0,85.0,112.0,164.0,304.0,304.0,304.0,304.0,304.0,304.0,304.0,304.0,304.0,304.0,304.0,304.0,304.0,304.0,304.0,304.0,304.0,304.0,304.0,304.0,304.0,304.0,304.0,304.0,304.0,304.0,304.0,304.0
0.6535386211737418,0,313.0,191.0,142.0,115.0,100.0,89.0,80.0,76.0,72.0,69.0,68.0,68.0,70.0,72.0,75.0,83.0,90.0,102.0,121.0,147.0,304.0,304.0,304.0,304.0,304.0,304.0,304.0,304.0,304.0,304.0,304.0,304.0,304.0,304.0,304.0,304.0,304.0,304.0,304.0,304.0,304.0,304.0,304.0,304.0,304.0,304.0,304.0,304.0,304.0,313.0
0.6653492843409528,0.13437299722281565,304.0,268.0,202.0,168.0,141.0,127.0,115.0,109.0,103.0,100.0,100.0,257.0,304.0,304.0,304.0,304.0,304.0,304.0,304.0,304.0,304.0,304.0,304.0,304.0,304.0,304.0,304.0,304.0,304.0,304.0,304.0,304.0,304.0,304.0,304.0,304.0,304.0,304.0,304.0,304.0,304.0,304.0,304.0,304.0,304.0,304.0,304.0,304.0,304.0,304.0
0.6377910702841273,0,304.0,263.0,202.0,168.0,145.0,129.0,120.0,112.0,304.0,304.0,100.0,304.0,304.0,304.0,304.0,304.0,304.0,304.0,304.0,304.0,304.0,193.0,304.0,304.0,304.0,304.0,304.0,304.0,304.0,304.0,304.0,304.0,304.0,304.0,304.0,304.0,304.0,304.0,304.0,304.0,304.0,304.0,304.0,304.0,304.0,304.0,304.0,304.0,304.0,304.0
0.6377910702841273,0,304.0,288.0,217.0,182.0,157.0,304.0,126.0,304.0,304.0,286.0,304.0,304.0,304.0,304.0,304.0,304.0,304.0,304.0,304.0,154.0,163.0,173.0,304.0,304.0,304.0,304.0,304.0,304.0,304.0,304.0,304.0,304.0,304.0,304.0,304.0,304.0,304.0,304.0,304.0,304.0,304.0,304.0,304.0,304.0,304.0,304.0,304.0,304.0,304.0,304.0
0.6377910702841273,0,304.0,299.0,233.0,190.0,166.0,146.0,304.0,304.0,304.0,304.0,304.0,304.0,304.0,304.0,304.0,304.0,304.0,304.0,304.0,304.0,304.0,304.0,304.0,304.0,304.0,304.0,304.0,304.0,304.0,304.0,304.0,304.0,304.0,304.0,304.0,304.0,304.0,304.0,304.0,304.0,304.0,304.0,304.0,304.0,304.0,304.0,304.0,304.0,304.0,304.0
0.6102328562273018,0,304.0,304.0,255.0,304.0,304.0,304.0,304.0,304.0,304.0,304.0,304.0,304.0,304.0,304.0,304.0,304.0,304.0,123.0,304.0,304.0,304.0,304.0,304.0,304.0,304.0,304.0,304.0,304.0,304.0,304.0,304.0,304.0,304.0,304.0,304.0,304.0,304.0,304.0,304.0,304.0,304.0,304.0,304.0,304.0,304.0,304.0,304.0,304.0,304.0,304.0
0.5944853053376873,0,304.0,304.0,249.0,200.0,170.0,149.0,304.0,365.0,304.0,304.0,304.0,304.0,304.0,304.0,304.0,304.0,304.0,119.0,124.0,304.0,304.0,304.0,304.0,304.0,304.0,304.0,304.0,304.0,304.0,304.0,304.0,304.0,304.0,304.0,304.0,304.0,304.0,304.0,304.0,304.0,304.0,304.0,304.0,304.0,304.0,304.0,304.0,304.0,304.0,304.0
0.6220435193945127,0,304.0,304.0,249.0,200.0,170.0,304.0,304.0,378.0,304.0,304.0,304.0,304.0,304.0,304.0,304.0,304.0,304.0,119.0,123.0,304.0,304.0,304.0,304.0,304.0,304.0,304.0,304.0,304.0,304.0,304.0,304.0,304.0,304.0,304.0,304.0,304.0,304.0,304.0,304.0,304.0,304.0,304.0,304.0,304.0,304.0,304.0,304.0,304.0,304.0,304.0
0.6102328562273018,0,304.0,304.0,249.0,200.0,174.0,154.0,140.0,391.0,304.0,304.0,304.0,304.0,304.0,304.0,304.0,304.0,304.0,121.0,126.0,132.0,304.0,304.0,304.0,304.0,304.0,304.0,304.0,304.0,304.0,304.0,304.0,304.0,304.0,304.0,304.0,304.0,304.0,304.0,304.0,304.0,304.0,304.0,304.0,304.0,304.0,304.0,304.0,304.0,304.0,304.0
0.5944853053376873,0,304.0,304.0,241.0,200.0,170.0,304.0,304.0,398.0,304.0,304.0,304.0,304.0,304.0,304.0,304.0,304.0,304.0,118.0,122.0,129.0,139.0,304.0,304.0,304.0,304.0,304.0,304.0,304.0,304.0,304.0,304.0,304.0,304.0,304.0,304.0,304.0,304.0,304.0,304.0,304.0,304.0,304.0,304.0,304.0,304.0,304.0,304.0,304.0,304.0,304.0
0.5826746421704764,-0.10281685842463455,304.0,321.0,241.0,200.0,170.0,153.0,304.0,406.0,304.0,304.0,304.0,304.0,304.0,304.0,304.0,304.0,304.0,116.0,121.0,129.0,138.0,304.0,304.0,304.0,304.0,304.0,304.0,304.0,304.0,304.0,304.0,304.0,304.0,304.0,304.0,304.0,304.0,304.0,304.0,304.0,304.0,304.0,304.0,304.0,304.0,304.0,304.0,304.0,304.0,304.0
0.6220435193945127,0,304.0,321.0,241.0,200.0,173.0,304.0,304.0,304.0,304.0,304.0,304.0,304.0,304.0,304.0,304.0,304.0,304.0,118.0,121.0,128.0,138.0,304.0,304.0,304.0,304.0,304.0,304.0,304.0,304.0,304.0,304.0,304.0,304.0,304.0,304.0,304.0,304.0,304.0,304.0,304.0,304.0,304.0,304.0,304.0,304.0,304.0,304.0,304.0,304.0,304.0
0.6102328562273018,0,304.0,297.0,226.0,188.0,161.0,304.0,304.0,304.0,304.0,304.0,304.0,304.0,304.0,304.0,304.0,304.0,304.0,304.0,304.0,134.0,144.0,160.0,304.0,304.0,304.0,304.0,304.0,304.0,304.0,304.0,304.0,304.0,304.0,304.0,304.0,304.0,304.0,304.0,304.0,304.0,304.0,304.0,304.0,304.0,304.0,304.0,304.0,304.0,304.0,304.0
0.6102328562273018,0,304.0,259.0,202.0,163.0,143.0,304.0,304.0,304.0,304.0,304.0,304.0,304.0,304.0,304.0,304.0,304.0,304.0,304.0,304.0,304.0,145.0,160.0,181.0,304.0,304.0,304.0,304.0,304.0,304.0,304.0,304.0,304.0,304.0,304.0,304.0,304.0,304.0,304.0,304.0,304.0,304.0,304.0,304.0,304.0,304.0,304.0,304.0,304.0,304.0,304.0
0.5944853053376873,0,304.0,233.0,182.0,152.0,138.0,304.0,304.0,304.0,304.0,304.0,304.0,304.0,304.0,304.0,304.0,304.0,304.0,304.0,304.0,304.0,304.0,169.0,191.0,304.0,304.0,304.0,304.0,304.0,304.0,304.0,304.0,304.0,304.0,304.0,304.0,304.0,304.0,304.0,304.0,304.0,304.0,304.0,304.0,304.0,304.0,304.0,304.0,304.0,304.0,304.0
0.5826746421704764,0,304.0,234.0,186.0,181.0,304.0,304.0,304.0,304.0,304.0,304.0,304.0,304.0,304.0,304.0,304.0,304.0,304.0,304.0,304.0,304.0,304.0,173.0,200.0,304.0,304.0,304.0,304.0,304.0,304.0,304.0,304.0,304.0,304.0,304.0,304.0,304.0,304.0,304.0,304.0,304.0,304.0,304.0,304.0,304.0,304.0,304.0,304.0,304.0,304.0,304.0
0.5826746421704764,0,304.0,304.0,211.0,304.0,304.0,304.0,304.0,304.0,304.0,304.0,304.0,304.0,304.0,304.0,304.0,304.0,304.0,304.0,112.0,123.0,138.0,160.0,181.0,304.0,304.0,304.0,304.0,304.0,304.0,304.0,304.0,304.0,304.0,304.0,304.0,304.0,304.0,304.0,304.0,304.0,304.0,304.0,304.0,304.0,304.0,304.0,304.0,304.0,304.0,304.0
0.5826746421704764,0,304.0,304.0,304.0,304.0,304.0,304.0,304.0,304.0,304.0,304.0,304.0,304.0,304.0,304.0,304.0,304.0,99.0,304.0,304.0,304.0,144.0,169.0,191.0,304.0,304.0,304.0,304.0,304.0,304.0,304.0,304.0,304.0,304.0,304.0,304.0,304.0,304.0,304.0,304.0,304.0,304.0,304.0,304.0,304.0,304.0,304.0,304.0,304.0,304.0,304.0
0.5393688772240364,0,304.0,304.0,304.0,304.0,304.0,304.0,304.0,304.0,107.0,304.0,304.0,304.0,304.0,304.0,304.0,304.0,99.0,104.0,113.0,125.0,145.0,169.0,200.0,304.0,304.0,304.0,304.0,304.0,304.0,304.0,304.0,304.0,304.0,304.0,304.0,304.0,304.0,304.0,304.0,304.0,304.0,304.0,304.0,304.0,304.0,304.0,304.0,304.0,304.0,304.0
0.5826746421704764,0,304.0,304.0,304.0,304.0,304.0,304.0,304.0,107.0,304.0,304.0,304.0,304.0,304.0,304.0,304.0,304.0,90.0,94.0,102.0,113.0,131.0,155.0,188.0,304.0,304.0,304.0,304.0,304.0,304.0,304.0,304.0,304.0,304.0,304.0,304.0,304.0,304.0,304.0,304.0,304.0,304.0,304.0,304.0,304.0,304.0,304.0,304.0,304.0,304.0,304.0
0.5944853053376873,0,304.0,304.0,304.0,304.0,149.0,123.0,304.0,91.0,84.0,78.0,304.0,304.0,70.0,70.0,69.0,304.0,76.0,80.0,86.0,98.0,109.0,127.0,162.0,208.0,304.0,304.0,304.0,304.0,304.0,304.0,304.0,304.0,304.0,304.0,304.0,304.0,304.0,304.0,304.0,304.0,304.0,304.0,304.0,304.0,304.0,304.0,304.0,304.0,304.0,304.0
0.5944853053376873,-0.3953062532425916,304.0,304.0,257.0,304.0,129.0,106.0,88.0,77.0,69.0,65.0,62.0,60.0,58.0,58.0,59.0,61.0,63.0,68.0,72.0,79.0,90.0,107.0,131.0,173.0,304.0,304.0,304.0,304.0,304.0,304.0,304.0,304.0,304.0,304.0,304.0,304.0,304.0,304.0,304.0,304.0,304.0,304.0,304.0,304.0,304.0,304.0,304.0,304.0,304.0,304.0
0.5944853053376873,-0.4427320169682913,304.0,304.0,209.0,136.0,96.0,76.0,65.0,58.0,51.0,48.0,45.0,42.0,42.0,42.0,43.0,42.0,44.0,48.0,53.0,61.0,67.0,77.0,93.0,121.0,304.0,304.0,304.0,304.0,304.0,304.0,304.0,304.0,304.0,304.0,304.0,304.0,304.0,304.0,304.0,304.0,304.0,304.0,304.0,304.0,304.0,304.0,304.0,304.0,304.0,304.0
0.5669270912808618,-0.5454878383739739,304.0,304.0,146.0,88.0,60.0,49.0,39.0,32.0,30.0,28.0,24.0,24.0,24.0,24.0,24.0,25.0,24.0,26.0,29.0,33.0,35.0,44.0,54.0,79.0,304.0,304.0,304.0,304.0,304.0,304.0,304.0,304.0,304.0,304.0,304.0,304.0,304.0,304.0,304.0,304.0,304.0,304.0,304.0,304.0,304.0,304.0,304.0,304.0,304.0,304.0
0.5669270912808618,-0.6324350718710898,304.0,304.0,304.0,304.0,304.0,304.0,304.0,304.0,304.0,304.0,304.0,304.0,304.0,304.0,304.0,304.0,304.0,304.0,304.0,304.0,304.0,304.0,304.0,304.0,304.0,304.0,304.0,304.0,304.0,304.0,304.0,304.0,304.0,304.0,304.0,304.0,304.0,304.0,304.0,304.0,304.0,304.0,304.0,304.0,304.0,304.0,304.0,304.0,304.0,304.0
0.5669270912808618,-0.6640522476882229,304.0,304.0,304.0,304.0,304.0,304.0,304.0,304.0,304.0,304.0,304.0,304.0,304.0,304.0,304.0,304.0,304.0,304.0,304.0,304.0,304.0,304.0,304.0,304.0,304.0,304.0,304.0,304.0,304.0,304.0,304.0,304.0,304.0,304.0,304.0,304.0,304.0,304.0,304.0,304.0,304.0,304.0,304.0,304.0,304.0,304.0,304.0,304.0,304.0,304.0
0.5669270912808618,-0.6640522476882229,304.0,304.0,304.0,304.0,304.0,304.0,304.0,304.0,304.0,304.0,304.0,304.0,304.0,304.0,304.0,304.0,304.0,304.0,304.0,304.0,304.0,304.0,304.0,304.0,304.0,304.0,304.0,304.0,304.0,304.0,304.0,304.0,304.0,304.0,304.0,304.0,304.0,304.0,304.0,304.0,304.0,304.0,304.0,304.0,304.0,304.0,304.0,304.0,304.0,304.0
0.5669270912808618,-0.6640522476882229,304.0,304.0,304.0,304.0,304.0,304.0,304.0,304.0,304.0,304.0,304.0,304.0,304.0,304.0,304.0,304.0,304.0,304.0,304.0,304.0,304.0,304.0,304.0,304.0,304.0,304.0,304.0,304.0,304.0,304.0,304.0,304.0,304.0,304.0,304.0,304.0,304.0,304.0,304.0,304.0,304.0,304.0,304.0,304.0,304.0,304.0,304.0,304.0,304.0,304.0
0.5944853053376873,-0.7273171178319651,304.0,304.0,304.0,304.0,304.0,304.0,304.0,304.0,304.0,304.0,304.0,304.0,304.0,304.0,304.0,304.0,304.0,304.0,304.0,304.0,304.0,304.0,304.0,304.0,304.0,304.0,304.0,304.0,304.0,304.0,304.0,304.0,304.0,304.0,304.0,304.0,304.0,304.0,304.0,304.0,304.0,304.0,304.0,304.0,304.0,304.0,304.0,304.0,304.0,304.0
0.5944853053376873,-0.6403393658253731,304.0,304.0,304.0,304.0,304.0,304.0,304.0,304.0,304.0,304.0,304.0,304.0,304.0,304.0,304.0,304.0,304.0,304.0,304.0,304.0,304.0,304.0,304.0,304.0,304.0,304.0,304.0,304.0,304.0,304.0,304.0,304.0,304.0,304.0,304.0,304.0,304.0,304.0,304.0,304.0,304.0,304.0,304.0,304.0,304.0,304.0,304.0,304.0,304.0,304.0
0.6102328562273018,0,304.0,304.0,304.0,304.0,304.0,304.0,304.0,304.0,304.0,304.0,304.0,304.0,304.0,304.0,304.0,304.0,304.0,304.0,304.0,304.0,304.0,304.0,304.0,304.0,304.0,304.0,304.0,304.0,304.0,304.0,304.0,304.0,304.0,304.0,304.0,304.0,304.0,304.0,304.0,304.0,304.0,304.0,304.0,304.0,304.0,304.0,304.0,304.0,304.0,304.0
0.6377910702841273,0,304.0,304.0,280.0,232.0,304.0,304.0,304.0,304.0,304.0,235.0,304.0,304.0,304.0,304.0,102.0,102.0,101.0,304.0,107.0,116.0,125.0,304.0,304.0,304.0,304.0,304.0,304.0,304.0,304.0,304.0,304.0,304.0,304.0,304.0,304.0,304.0,304.0,304.0,304.0,304.0,304.0,304.0,304.0,304.0,304.0,304.0,304.0,304.0,304.0,304.0
0.7244026001770074,0,304.0,304.0,273.0,222.0,190.0,304.0,304.0,304.0,304.0,304.0,304.0,304.0,304.0,304.0,304.0,108.0,110.0,111.0,115.0,120.0,131.0,146.0,304.0,304.0,304.0,304.0,304.0,304.0,304.0,304.0,304.0,304.0,304.0,304.0,304.0,304.0,304.0,304.0,304.0,304.0,304.0,304.0,304.0,304.0,304.0,304.0,304.0,304.0,304.0,304.0
0.7086550492873929,0,304.0,304.0,268.0,218.0,186.0,166.0,304.0,304.0,304.0,304.0,304.0,304.0,304.0,304.0,304.0,304.0,114.0,116.0,121.0,125.0,135.0,304.0,304.0,304.0,304.0,304.0,304.0,304.0,304.0,304.0,304.0,304.0,304.0,304.0,304.0,304.0,304.0,304.0,304.0,304.0,304.0,304.0,304.0,304.0,304.0,304.0,304.0,304.0,304.0,304.0
0.6810968352305673,0,304.0,304.0,259.0,211.0,304.0,159.0,304.0,304.0,304.0,304.0,304.0,304.0,304.0,304.0,304.0,304.0,304.0,119.0,123.0,131.0,140.0,155.0,304.0,304.0,304.0,304.0,304.0,304.0,304.0,304.0,304.0,304.0,304.0,304.0,304.0,304.0,304.0,304.0,304.0,304.0,304.0,304.0,304.0,304.0,304.0,304.0,304.0,304.0,304.0,304.0
0.6810968352305673,0,304.0,304.0,261.0,211.0,182.0,159.0,304.0,288.0,304.0,304.0,304.0,304.0,304.0,304.0,304.0,304.0,304.0,304.0,132.0,141.0,149.0,164.0,304.0,304.0,304.0,304.0,304.0,304.0,304.0,304.0,304.0,304.0,304.0,304.0,304.0,304.0,304.0,304.0,304.0,304.0,304.0,304.0,304.0,304.0,304.0,304.0,304.0,304.0,304.0,304.0
0.6653492843409528,0,304.0,304.0,257.0,210.0,178.0,159.0,304.0,306.0,304.0,304.0,304.0,304.0,304.0,304.0,304.0,304.0,304.0,304.0,304.0,147.0,160.0,176.0,304.0,304.0,304.0,304.0,304.0,304.0,304.0,304.0,304.0,304.0,304.0,304.0,304.0,304.0,304.0,304.0,304.0,304.0,304.0,304.0,304.0,304.0,304.0,304.0,304.0,304.0,304.0,304.0
0.6810968352305673,0,304.0,304.0,249.0,206.0,175.0,156.0,304.0,304.0,304.0,304.0,304.0,304.0,304.0,304.0,304.0,304.0,304.0,304.0,304.0,304.0,167.0,187.0,219.0,304.0,304.0,304.0,304.0,304.0,304.0,304.0,304.0,304.0,304.0,304.0,304.0,304.0,304.0,304.0,304.0,304.0,304.0,304.0,304.0,304.0,304.0,304.0,304.0,304.0,304.0,304.0
0.6653492843409528,0,304.0,317.0,240.0,195.0,166.0,150.0,304.0,304.0,304.0,304.0,304.0,304.0,304.0,304.0,304.0,304.0,304.0,304.0,304.0,147.0,304.0,192.0,221.0,304.0,304.0,304.0,304.0,304.0,304.0,304.0,304.0,304.0,304.0,304.0,304.0,304.0,304.0,304.0,304.0,304.0,304.0,304.0,304.0,304.0,304.0,304.0,304.0,304.0,304.0,304.0
0.6377910702841273,0,304.0,290.0,224.0,182.0,157.0,304.0,304.0,304.0,304.0,304.0,304.0,304.0,304.0,304.0,304.0,304.0,304.0,304.0,304.0,304.0,160.0,187.0,226.0,278.0,304.0,304.0,304.0,304.0,304.0,304.0,304.0,304.0,304.0,304.0,304.0,304.0,304.0,304.0,304.0,304.0,304.0,304.0,304.0,304.0,304.0,304.0,304.0,304.0,304.0,304.0
0.6220435193945127,0,304.0,274.0,209.0,174.0,170.0,304.0,304.0,304.0,304.0,304.0,304.0,304.0,304.0,304.0,304.0,304.0,304.0,304.0,304.0,304.0,160.0,187.0,232.0,294.0,304.0,304.0,304.0,304.0,304.0,304.0,304.0,304.0,304.0,304.0,304.0,304.0,304.0,304.0,304.0,304.0,304.0,304.0,304.0,304.0,304.0,304.0,304.0,304.0,304.0,304.0
0.6220435193945127,0,304.0,259.0,201.0,166.0,304.0,304.0,304.0,304.0,304.0,304.0,304.0,304.0,304.0,304.0,304.0,304.0,304.0,304.0,304.0,304.0,160.0,192.0,234.0,315.0,304.0,304.0,304.0,304.0,304.0,304.0,304.0,304.0,304.0,304.0,304.0,304.0,304.0,304.0,304.0,304.0,304.0,304.0,304.0,304.0,304.0,304.0,304.0,304.0,304.0,304.0
0.6535386211737418,0,304.0,243.0,190.0,206.0,304.0,304.0,304.0,304.0,304.0,304.0,100.0,304.0,304.0,304.0,304.0,304.0,304.0,304.0,304.0,304.0,159.0,187.0,235.0,309.0,304.0,304.0,304.0,304.0,304.0,304.0,304.0,304.0,304.0,304.0,304.0,304.0,304.0,304.0,304.0,304.0,304.0,304.0,304.0,304.0,304.0,304.0,304.0,304.0,304.0,304.0
0.6377910702841273,0,304.0,259.0,265.0,304.0,304.0,304.0,304.0,304.0,304.0,304.0,304.0,304.0,304.0,304.0,304.0,304.0,99.0,107.0,304.0,304.0,149.0,178.0,223.0,288.0,304.0,304.0,304.0,304.0,304.0,304.0,304.0,304.0,304.0,304.0,304.0,304.0,304.0,304.0,304.0,304.0,304.0,304.0,304.0,304.0,304.0,304.0,304.0,304.0,304.0,304.0
0.6102328562273018,0,304.0,304.0,304.0,304.0,304.0,304.0,304.0,114.0,304.0,96.0,91.0,304.0,304.0,304.0,304.0,90.0,94.0,304.0,304.0,122.0,142.0,168.0,209.0,278.0,304.0,304.0,304.0,304.0,304.0,304.0,304.0,304.0,304.0,304.0,304.0,304.0,304.0,304.0,304.0,304.0,304.0,304.0,304.0,304.0,304.0,304.0,304.0,304.0,304.0,304.0
0.6102328562273018,0,304.0,304.0,304.0,304.0,304.0,304.0,304.0,107.0,304.0,304.0,304.0,304.0,80.0,80.0,82.0,83.0,87.0,92.0,102.0,113.0,131.0,155.0,191.0,257.0,304.0,304.0,304.0,304.0,304.0,304.0,304.0,304.0,304.0,304.0,304.0,304.0,304.0,304.0,304.0,304.0,304.0,304.0,304.0,304.0,304.0,304.0,304.0,304.0,304.0,304.0
0.6535386211737418,-0.2609027375103,304.0,304.0,304.0,211.0,161.0,129.0,108.0,96.0,88.0,304.0,77.0,72.0,72.0,72.0,71.0,74.0,76.0,82.0,88.0,98.0,112.0,136.0,169.0,225.0,304.0,304.0,304.0,304.0,304.0,304.0,304.0,304.0,304.0,304.0,304.0,304.0,304.0,304.0,304.0,304.0,304.0,304.0,304.0,304.0,304.0,304.0,304.0,304.0,304.0,304.0
0.6377910702841273,-0.4585406048768578,304.0,304.0,304.0,184.0,141.0,113.0,94.0,84.0,74.0,67.0,64.0,60.0,60.0,60.0,59.0,61.0,63.0,68.0,72.0,79.0,91.0,109.0,137.0,187.0,276.0,304.0,304.0,304.0,304.0,304.0,304.0,304.0,304.0,304.0,304.0,304.0,304.0,304.0,304.0,304.0,304.0,304.0,304.0,304.0,304.0,304.0,304.0,304.0,304.0,304.0
0.6220435193945127,-0.16605121005890072,304.0,304.0,254.0,168.0,121.0,99.0,80.0,71.0,65.0,58.0,56.0,54.0,54.0,52.0,53.0,53.0,56.0,58.0,61.0,67.0,76.0,90.0,112.0,152.0,235.0,304.0,304.0,304.0,304.0,304.0,304.0,304.0,304.0,304.0,304.0,304.0,304.0,304.0,304.0,304.0,304.0,304.0,304.0,304.0,304.0,304.0,304.0,304.0,304.0,304.0
0.5944853053376873,-0.5454878383739739,304.0,304.0,241.0,158.0,121.0,96.0,80.0,71.0,62.0,56.0,54.0,52.0,50.0,50.0,51.0,51.0,54.0,55.0,61.0,67.0,76.0,90.0,112.0,152.0,230.0,304.0,304.0,304.0,304.0,304.0,304.0,304.0,304.0,304.0,304.0,304.0,304.0,304.0,304.0,304.0,304.0,304.0,304.0,304.0,304.0,304.0,304.0,304.0,304.0,304.0
0.6102328562273018,-0.6798913541062654,304.0,304.0,233.0,163.0,117.0,96.0,80.0,68.0,62.0,58.0,54.0,52.0,50.0,50.0,51.0,51.0,54.0,55.0,61.0,67.0,76.0,86.0,106.0,142.0,208.0,304.0,304.0,304.0,304.0,304.0,304.0,304.0,304.0,304.0,304.0,304.0,304.0,304.0,304.0,304.0,304.0,304.0,304.0,304.0,304.0,304.0,304.0,304.0,304.0,304.0
0.6102328562273018,-0.48225348673970764,304.0,304.0,209.0,147.0,113.0,92.0,80.0,68.0,60.0,56.0,52.0,50.0,48.0,48.0,49.0,51.0,51.0,55.0,59.0,67.0,76.0,90.0,112.0,152.0,215.0,304.0,304.0,304.0,304.0,304.0,304.0,304.0,304.0,304.0,304.0,304.0,304.0,304.0,304.0,304.0,304.0,304.0,304.0,304.0,304.0,304.0,304.0,304.0,304.0,304.0
0.6102328562273018,-0.7984557634205145,304.0,304.0,202.0,131.0,100.0,82.0,71.0,63.0,58.0,54.0,50.0,48.0,48.0,48.0,49.0,51.0,54.0,55.0,61.0,67.0,79.0,95.0,124.0,166.0,254.0,304.0,304.0,304.0,304.0,304.0,304.0,304.0,304.0,304.0,304.0,304.0,304.0,304.0,304.0,304.0,304.0,304.0,304.0,304.0,304.0,304.0,304.0,304.0,304.0,304.0
0.6102328562273018,-0.4980620746482742,304.0,304.0,170.0,104.0,76.0,62.0,54.0,48.0,41.0,39.0,37.0,36.0,36.0,36.0,36.0,38.0,40.0,43.0,48.0,51.0,61.0,72.0,97.0,137.0,235.0,304.0,304.0,304.0,304.0,304.0,304.0,304.0,304.0,304.0,304.0,304.0,304.0,304.0,304.0,304.0,304.0,304.0,304.0,304.0,304.0,304.0,304.0,304.0,304.0,304.0
0.6102328562273018,-0.4664448988311411,304.0,304.0,304.0,158.0,104.0,79.0,65.0,55.0,51.0,45.0,43.0,40.0,40.0,38.0,38.0,40.0,42.0,43.0,48.0,51.0,61.0,72.0,86.0,121.0,203.0,304.0,304.0,304.0,304.0,304.0,304.0,304.0,304.0,304.0,304.0,304.0,304.0,304.0,304.0,304.0,304.0,304.0,304.0,304.0,304.0,304.0,304.0,304.0,304.0,304.0
0.6810968352305673,0,304.0,304.0,312.0,304.0,109.0,79.0,62.0,53.0,46.0,41.0,39.0,36.0,36.0,34.0,34.0,34.0,35.0,36.0,40.0,42.0,46.0,54.0,67.0,88.0,129.0,304.0,304.0,304.0,304.0,304.0,304.0,304.0,304.0,304.0,304.0,304.0,304.0,304.0,304.0,304.0,304.0,304.0,304.0,304.0,304.0,304.0,304.0,304.0,304.0,304.0
0.6810968352305673,0,304.0,304.0,304.0,304.0,304.0,333.0,255.0,304.0,182.0,304.0,219.0,184.0,304.0,293.0,304.0,304.0,304.0,304.0,60.0,61.0,65.0,76.0,90.0,117.0,174.0,304.0,304.0,304.0,304.0,304.0,304.0,304.0,304.0,304.0,304.0,304.0,304.0,304.0,304.0,304.0,304.0,304.0,304.0,304.0,304.0,304.0,304.0,304.0,304.0,304.0
0.7362132633442182,0,304.0,304.0,304.0,304.0,304.0,304.0,304.0,304.0,215.0,304.0,304.0,160.0,304.0,304.0,304.0,304.0,304.0,304.0,304.0,304.0,304.0,304.0,304.0,304.0,304.0,304.0,304.0,304.0,304.0,304.0,304.0,304.0,304.0,304.0,304.0,304.0,304.0,304.0,304.0,304.0,304.0,304.0,304.0,304.0,304.0,304.0,304.0,304.0,304.0,304.0
0.7637867366557818,0,304.0,307.0,304.0,304.0,304.0,304.0,304.0,304.0,304.0,198.0,304.0,304.0,160.0,304.0,304.0,334.0,304.0,304.0,304.0,304.0,304.0,304.0,304.0,304.0,203.0,304.0,304.0,304.0,304.0,304.0,304.0,304.0,304.0,304.0,304.0,304.0,304.0,304.0,304.0,304.0,304.0,304.0,304.0,304.0,304.0,304.0,304.0,304.0,304.0,304.0
0.7795342875453963,0.25293740653706476,304.0,304.0,304.0,304.0,304.0,304.0,304.0,350.0,304.0,304.0,190.0,304.0,304.0,154.0,304.0,304.0,304.0,304.0,304.0,304.0,304.0,304.0,304.0,304.0,304.0,304.0,304.0,304.0,304.0,304.0,304.0,304.0,304.0,304.0,304.0,304.0,304.0,304.0,304.0,304.0,304.0,304.0,304.0,304.0,304.0,304.0,304.0,304.0,304.0,304.0
0.7362132633442182,0,304.0,304.0,304.0,304.0,304.0,304.0,304.0,360.0,304.0,304.0,304.0,304.0,304.0,162.0,304.0,304.0,304.0,304.0,304.0,304.0,304.0,304.0,304.0,304.0,318.0,304.0,304.0,304.0,304.0,304.0,304.0,304.0,304.0,304.0,304.0,304.0,304.0,304.0,304.0,304.0,304.0,304.0,304.0,304.0,304.0,304.0,304.0,304.0,304.0,304.0
0.7244026001770074,0.2687459944456313,304.0,304.0,304.0,304.0,304.0,304.0,304.0,377.0,304.0,304.0,197.0,304.0,304.0,304.0,304.0,304.0,304.0,304.0,304.0,304.0,304.0,304.0,304.0,304.0,304.0,304.0,304.0,304.0,304.0,304.0,304.0,304.0,304.0,304.0,304.0,304.0,304.0,304.0,304.0,304.0,304.0,304.0,304.0,304.0,304.0,304.0,304.0,304.0,304.0,304.0
0.6929074983977783,0,304.0,304.0,304.0,304.0,304.0,304.0,436.0,304.0,304.0,304.0,168.0,304.0,304.0,304.0,304.0,304.0,304.0,304.0,304.0,304.0,304.0,304.0,304.0,304.0,304.0,304.0,304.0,304.0,304.0,304.0,304.0,304.0,304.0,304.0,304.0,304.0,304.0,304.0,304.0,304.0,304.0,304.0,304.0,304.0,304.0,304.0,304.0,304.0,304.0,304.0
0.6810968352305673,0,304.0,304.0,304.0,304.0,304.0,304.0,304.0,304.0,304.0,179.0,304.0,304.0,304.0,304.0,304.0,304.0,304.0,304.0,304.0,304.0,304.0,304.0,304.0,304.0,304.0,304.0,304.0,304.0,304.0,304.0,304.0,304.0,304.0,304.0,304.0,304.0,304.0,304.0,304.0,304.0,304.0,304.0,304.0,304.0,304.0,304.0,304.0,304.0,304.0,304.0
0.7637867366557818,0,304.0,304.0,304.0,304.0,304.0,304.0,304.0,304.0,304.0,336.0,304.0,304.0,304.0,304.0,304.0,304.0,304.0,304.0,304.0,304.0,304.0,304.0,304.0,304.0,304.0,304.0,304.0,304.0,304.0,304.0,304.0,304.0,304.0,304.0,304.0,304.0,304.0,304.0,304.0,304.0,304.0,304.0,304.0,304.0,304.0,304.0,304.0,304.0,304.0,304.0
0.7519760734885708,0,304.0,304.0,304.0,304.0,304.0,304.0,304.0,304.0,304.0,336.0,304.0,304.0,304.0,304.0,304.0,304.0,304.0,304.0,304.0,304.0,304.0,304.0,304.0,304.0,304.0,304.0,304.0,304.0,304.0,304.0,304.0,304.0,304.0,304.0,304.0,304.0,304.0,304.0,304.0,304.0,304.0,304.0,304.0,304.0,304.0,304.0,304.0,304.0,304.0,304.0
0.7952818384350109,0,304.0,304.0,304.0,304.0,304.0,304.0,304.0,304.0,304.0,345.0,304.0,304.0,304.0,304.0,304.0,304.0,304.0,304.0,304.0,304.0,304.0,304.0,304.0,304.0,304.0,304.0,304.0,304.0,304.0,304.0,304.0,304.0,304.0,304.0,304.0,304.0,304.0,304.0,304.0,304.0,304.0,304.0,304.0,304.0,304.0,304.0,304.0,304.0,304.0,304.0
0.7795342875453963,0,304.0,304.0,304.0,304.0,304.0,304.0,304.0,304.0,304.0,352.0,304.0,304.0,304.0,304.0,304.0,304.0,304.0,304.0,304.0,304.0,304.0,304.0,304.0,304.0,304.0,304.0,304.0,304.0,304.0,304.0,304.0,304.0,304.0,304.0,304.0,304.0,304.0,304.0,304.0,304.0,304.0,304.0,304.0,304.0,304.0,304.0,304.0,304.0,304.0,304.0
0.7795342875453963,0,304.0,304.0,304.0,304.0,304.0,304.0,304.0,304.0,304.0,304.0,304.0,304.0,304.0,304.0,304.0,304.0,304.0,304.0,304.0,304.0,304.0,304.0,304.0,304.0,304.0,304.0,304.0,304.0,304.0,304.0,304.0,304.0,304.0,304.0,304.0,304.0,304.0,304.0,304.0,304.0,304.0,304.0,304.0,304.0,304.0,304.0,304.0,304.0,304.0,304.0
0.8070925016022217,0,304.0,304.0,304.0,304.0,304.0,304.0,304.0,304.0,304.0,304.0,304.0,304.0,304.0,304.0,304.0,304.0,304.0,304.0,304.0,304.0,304.0,304.0,304.0,304.0,304.0,304.0,304.0,304.0,304.0,304.0,304.0,304.0,304.0,304.0,304.0,304.0,304.0,304.0,304.0,304.0,304.0,304.0,304.0,304.0,304.0,304.0,304.0,304.0,304.0,304.0
0.7795342875453963,0,304.0,304.0,304.0,304.0,304.0,304.0,304.0,350.0,304.0,304.0,304.0,304.0,304.0,304.0,304.0,304.0,304.0,304.0,304.0,304.0,304.0,304.0,304.0,304.0,304.0,304.0,304.0,304.0,304.0,304.0,304.0,304.0,304.0,304.0,304.0,304.0,304.0,304.0,304.0,304.0,304.0,304.0,304.0,304.0,304.0,304.0,304.0,304.0,304.0,304.0
0.7519760734885708,0.3003631702627644,304.0,304.0,304.0,304.0,304.0,304.0,304.0,304.0,304.0,304.0,304.0,304.0,304.0,304.0,304.0,304.0,304.0,304.0,304.0,304.0,304.0,304.0,304.0,304.0,304.0,304.0,304.0,304.0,304.0,304.0,304.0,304.0,304.0,304.0,304.0,304.0,304.0,304.0,304.0,304.0,304.0,304.0,304.0,304.0,304.0,304.0,304.0,304.0,304.0,304.0
0.7519760734885708,0,304.0,304.0,304.0,304.0,304.0,391.0,304.0,304.0,304.0,304.0,304.0,304.0,304.0,304.0,304.0,304.0,304.0,304.0,304.0,304.0,304.0,304.0,304.0,304.0,304.0,304.0,304.0,304.0,304.0,304.0,304.0,304.0,304.0,304.0,304.0,304.0,304.0,304.0,304.0,304.0,304.0,304.0,304.0,304.0,304.0,304.0,304.0,304.0,304.0,304.0
0.7519760734885708,0,304.0,304.0,304.0,304.0,304.0,304.0,304.0,304.0,304.0,304.0,304.0,304.0,304.0,304.0,304.0,304.0,304.0,304.0,304.0,304.0,304.0,304.0,304.0,304.0,304.0,304.0,304.0,304.0,304.0,304.0,304.0,304.0,304.0,304.0,304.0,304.0,304.0,304.0,304.0,304.0,304.0,304.0,304.0,304.0,304.0,304.0,304.0,304.0,304.0,304.0
0.7519760734885708,0,304.0,304.0,304.0,304.0,304.0,304.0,304.0,304.0,304.0,304.0,304.0,304.0,304.0,304.0,304.0,304.0,304.0,368.0,304.0,304.0,304.0,304.0,304.0,304.0,304.0,304.0,304.0,304.0,304.0,304.0,304.0,304.0,304.0,304.0,304.0,304.0,304.0,304.0,304.0,304.0,304.0,304.0,304.0,304.0,304.0,304.0,304.0,304.0,304.0,304.0
0.7362132633442182,0,304.0,304.0,304.0,304.0,304.0,304.0,304.0,304.0,304.0,304.0,304.0,304.0,304.0,304.0,304.0,304.0,304.0,304.0,304.0,304.0,304.0,304.0,304.0,304.0,304.0,304.0,304.0,304.0,304.0,304.0,304.0,304.0,304.0,304.0,304.0,304.0,304.0,304.0,304.0,304.0,304.0,304.0,304.0,304.0,304.0,304.0,304.0,304.0,304.0,304.0
0.7244026001770074,0,304.0,304.0,304.0,304.0,304.0,304.0,304.0,432.0,304.0,304.0,304.0,304.0,304.0,304.0,304.0,304.0,304.0,304.0,304.0,304.0,304.0,304.0,304.0,304.0,304.0,304.0,304.0,304.0,304.0,304.0,304.0,304.0,304.0,304.0,304.0,304.0,304.0,304.0,304.0,304.0,304.0,304.0,304.0,304.0,304.0,304.0,304.0,304.0,304.0,304.0
0.7244026001770074,0,304.0,304.0,304.0,304.0,304.0,304.0,304.0,304.0,304.0,304.0,304.0,304.0,304.0,304.0,304.0,304.0,304.0,304.0,304.0,304.0,304.0,304.0,304.0,304.0,304.0,304.0,304.0,304.0,304.0,304.0,304.0,304.0,304.0,304.0,304.0,304.0,304.0,304.0,304.0,304.0,304.0,304.0,304.0,304.0,304.0,304.0,304.0,304.0,304.0,304.0
0.5826746421704764,-0.10281685842463455,304.0,304.0,304.0,304.0,304.0,304.0,304.0,304.0,304.0,304.0,304.0,304.0,304.0,304.0,304.0,304.0,304.0,304.0,304.0,304.0,304.0,304.0,304.0,304.0,304.0,304.0,304.0,304.0,304.0,304.0,304.0,304.0,304.0,304.0,304.0,304.0,304.0,304.0,304.0,304.0,304.0,304.0,304.0,304.0,304.0,304.0,304.0,304.0,304.0,304.0
0.5826746421704764,-0.4427320169682913,304.0,304.0,304.0,304.0,304.0,304.0,304.0,304.0,304.0,304.0,304.0,304.0,304.0,304.0,304.0,304.0,304.0,304.0,304.0,304.0,304.0,304.0,304.0,304.0,304.0,304.0,304.0,304.0,304.0,304.0,304.0,304.0,304.0,304.0,304.0,304.0,304.0,304.0,304.0,304.0,304.0,304.0,304.0,304.0,304.0,304.0,304.0,304.0,304.0,304.0
0.5826746421704764,-0.4585406048768578,304.0,304.0,304.0,304.0,304.0,304.0,304.0,304.0,304.0,304.0,287.0,304.0,304.0,304.0,304.0,304.0,304.0,304.0,304.0,304.0,304.0,304.0,304.0,304.0,304.0,304.0,304.0,304.0,304.0,304.0,304.0,304.0,304.0,304.0,304.0,304.0,304.0,304.0,304.0,304.0,304.0,304.0,304.0,304.0,304.0,304.0,304.0,304.0,304.0,304.0
0.6377910702841273,-0.4585406048768578,304.0,304.0,304.0,304.0,304.0,304.0,304.0,304.0,304.0,304.0,304.0,304.0,304.0,304.0,304.0,304.0,304.0,304.0,304.0,304.0,304.0,304.0,304.0,304.0,304.0,304.0,304.0,304.0,304.0,304.0,304.0,304.0,304.0,304.0,304.0,304.0,304.0,304.0,304.0,304.0,304.0,304.0,304.0,304.0,304.0,304.0,304.0,304.0,304.0,304.0
0.6377910702841273,-0.4664448988311411,304.0,304.0,304.0,304.0,304.0,304.0,304.0,304.0,341.0,304.0,304.0,304.0,304.0,304.0,304.0,308.0,304.0,304.0,304.0,339.0,304.0,304.0,304.0,304.0,304.0,304.0,304.0,304.0,304.0,304.0,304.0,304.0,304.0,304.0,304.0,304.0,304.0,304.0,304.0,304.0,304.0,304.0,304.0,304.0,304.0,304.0,304.0,304.0,304.0,304.0
0.6377910702841273,-0.5929136020996735,304.0,304.0,304.0,304.0,353.0,304.0,408.0,304.0,378.0,338.0,304.0,304.0,304.0,304.0,304.0,304.0,304.0,304.0,304.0,304.0,304.0,304.0,304.0,304.0,304.0,304.0,304.0,304.0,304.0,304.0,304.0,304.0,304.0,304.0,304.0,304.0,304.0,304.0,304.0,304.0,304.0,304.0,304.0,304.0,304.0,304.0,304.0,304.0,304.0,304.0
0.6535386211737418,-0.521774956511124,304.0,304.0,304.0,304.0,304.0,304.0,304.0,304.0,304.0,304.0,304.0,304.0,304.0,304.0,304.0,304.0,304.0,304.0,304.0,304.0,304.0,304.0,304.0,304.0,304.0,304.0,304.0,304.0,304.0,304.0,304.0,304.0,304.0,304.0,304.0,304.0,304.0,304.0,304.0,304.0,304.0,304.0,304.0,304.0,304.0,304.0,304.0,304.0,304.0,304.0
0.6929074983977783,0,304.0,304.0,304.0,304.0,304.0,304.0,304.0,304.0,304.0,304.0,179.0,304.0,304.0,304.0,304.0,304.0,304.0,304.0,304.0,304.0,304.0,304.0,304.0,304.0,304.0,304.0,304.0,304.0,304.0,304.0,304.0,304.0,304.0,304.0,304.0,304.0,304.0,304.0,304.0,304.0,304.0,304.0,304.0,304.0,304.0,304.0,304.0,304.0,304.0,304.0
0.7086550492873929,0,304.0,304.0,304.0,304.0,304.0,304.0,304.0,304.0,304.0,304.0,304.0,304.0,304.0,304.0,304.0,304.0,304.0,304.0,304.0,304.0,304.0,304.0,304.0,304.0,304.0,304.0,304.0,304.0,304.0,304.0,304.0,304.0,304.0,304.0,304.0,304.0,304.0,304.0,304.0,304.0,304.0,304.0,304.0,304.0,304.0,304.0,304.0,304.0,304.0,304.0
0.6929074983977783,-0.28461561937314983,304.0,304.0,304.0,304.0,304.0,304.0,304.0,304.0,304.0,304.0,304.0,304.0,304.0,304.0,304.0,304.0,304.0,304.0,304.0,304.0,304.0,304.0,304.0,304.0,304.0,304.0,304.0,304.0,304.0,304.0,304.0,304.0,304.0,304.0,304.0,304.0,304.0,304.0,304.0,304.0,304.0,304.0,304.0,304.0,304.0,304.0,304.0,304.0,304.0,304.0
0.7086550492873929,0,304.0,304.0,304.0,304.0,304.0,304.0,304.0,304.0,304.0,304.0,304.0,304.0,304.0,304.0,304.0,304.0,304.0,304.0,304.0,304.0,304.0,304.0,304.0,304.0,304.0,304.0,304.0,304.0,304.0,304.0,304.0,304.0,304.0,304.0,304.0,304.0,304.0,304.0,304.0,304.0,304.0,304.0,304.0,304.0,304.0,304.0,304.0,304.0,304.0,304.0
0.6220435193945127,0,304.0,316.0,304.0,304.0,304.0,159.0,304.0,304.0,304.0,304.0,304.0,304.0,304.0,304.0,304.0,93.0,304.0,304.0,112.0,304.0,304.0,304.0,304.0,304.0,304.0,304.0,304.0,304.0,304.0,304.0,304.0,304.0,304.0,304.0,304.0,304.0,304.0,304.0,304.0,304.0,304.0,304.0,304.0,304.0,304.0,304.0,304.0,304.0,304.0,304.0
0.6102328562273018,0,304.0,304.0,304.0,304.0,304.0,304.0,304.0,304.0,304.0,304.0,304.0,304.0,304.0,80.0,304.0,304.0,304.0,304.0,96.0,304.0,304.0,304.0,304.0,304.0,304.0,304.0,304.0,304.0,304.0,304.0,304.0,304.0,304.0,304.0,304.0,304.0,304.0,304.0,304.0,304.0,304.0,304.0,304.0,304.0,304.0,304.0,304.0,304.0,304.0,304.0
0.5944853053376873,0,304.0,304.0,304.0,304.0,161.0,304.0,304.0,96.0,304.0,304.0,77.0,304.0,72.0,72.0,304.0,304.0,304.0,82.0,88.0,95.0,109.0,127.0,304.0,304.0,304.0,304.0,304.0,304.0,304.0,304.0,304.0,304.0,304.0,304.0,304.0,304.0,304.0,304.0,304.0,304.0,304.0,304.0,304.0,304.0,304.0,304.0,304.0,304.0,304.0,304.0
0.5944853053376873,-0.18976409192175053,304.0,304.0,304.0,179.0,137.0,106.0,91.0,76.0,69.0,65.0,60.0,58.0,58.0,56.0,57.0,59.0,60.0,68.0,69.0,304.0,87.0,304.0,304.0,163.0,304.0,304.0,304.0,304.0,304.0,304.0,304.0,304.0,304.0,304.0,304.0,304.0,304.0,304.0,304.0,304.0,304.0,304.0,304.0,304.0,304.0,304.0,304.0,304.0,304.0,304.0
0.5826746421704764,-0.15024262215033418,304.0,304.0,304.0,163.0,117.0,89.0,74.0,63.0,58.0,54.0,50.0,48.0,46.0,46.0,45.0,46.0,49.0,50.0,56.0,61.0,71.0,304.0,304.0,304.0,304.0,304.0,304.0,304.0,304.0,304.0,304.0,304.0,304.0,304.0,304.0,304.0,304.0,304.0,304.0,304.0,304.0,304.0,304.0,304.0,304.0,304.0,304.0,304.0,304.0,304.0
0.5826746421704764,-0.4427320169682913,304.0,304.0,217.0,131.0,304.0,66.0,51.0,43.0,37.0,34.0,31.0,30.0,28.0,28.0,28.0,29.0,29.0,31.0,34.0,36.0,44.0,49.0,64.0,304.0,304.0,304.0,304.0,304.0,304.0,304.0,304.0,304.0,304.0,304.0,304.0,304.0,304.0,304.0,304.0,304.0,304.0,304.0,304.0,304.0,304.0,304.0,304.0,304.0,304.0,304.0
0.5826746421704764,-0.4427320169682913,304.0,304.0,140.0,79.0,47.0,304.0,304.0,304.0,304.0,304.0,304.0,304.0,304.0,304.0,304.0,304.0,304.0,304.0,304.0,304.0,304.0,304.0,304.0,304.0,304.0,304.0,304.0,304.0,304.0,304.0,304.0,304.0,304.0,304.0,304.0,304.0,304.0,304.0,304.0,304.0,304.0,304.0,304.0,304.0,304.0,304.0,304.0,304.0,304.0,304.0
0.6102328562273018,-0.4585406048768578,304.0,304.0,304.0,304.0,304.0,304.0,304.0,304.0,304.0,304.0,304.0,304.0,304.0,304.0,304.0,304.0,304.0,304.0,304.0,304.0,304.0,304.0,304.0,304.0,304.0,304.0,304.0,304.0,304.0,304.0,304.0,304.0,304.0,304.0,304.0,304.0,304.0,304.0,304.0,304.0,304.0,304.0,304.0,304.0,304.0,304.0,304.0,304.0,304.0,304.0
0.6102328562273018,-0.521774956511124,304.0,245.0,304.0,304.0,304.0,347.0,304.0,304.0,304.0,266.0,304.0,304.0,304.0,304.0,304.0,304.0,304.0,304.0,304.0,304.0,304.0,304.0,304.0,304.0,304.0,304.0,304.0,304.0,304.0,304.0,304.0,304.0,304.0,304.0,304.0,304.0,304.0,304.0,304.0,304.0,304.0,304.0,304.0,304.0,304.0,304.0,304.0,304.0,304.0,304.0
0.5826746421704764,-0.521774956511124,304.0,304.0,304.0,304.0,304.0,304.0,304.0,304.0,304.0,304.0,304.0,304.0,304.0,304.0,304.0,304.0,304.0,304.0,304.0,304.0,304.0,304.0,304.0,304.0,304.0,304.0,304.0,304.0,304.0,304.0,304.0,304.0,304.0,304.0,304.0,304.0,304.0,304.0,304.0,304.0,304.0,304.0,304.0,304.0,304.0,304.0,304.0,304.0,304.0,304.0
0.5826746421704764,-0.521774956511124,304.0,304.0,304.0,304.0,304.0,304.0,304.0,304.0,304.0,304.0,304.0,304.0,304.0,304.0,304.0,304.0,304.0,304.0,304.0,304.0,304.0,304.0,304.0,304.0,304.0,304.0,304.0,304.0,304.0,304.0,304.0,304.0,304.0,304.0,304.0,304.0,304.0,304.0,304.0,304.0,304.0,304.0,304.0,304.0,304.0,304.0,304.0,304.0,304.0,304.0
0.5826746421704764,-0.5692007202368237,304.0,304.0,304.0,304.0,304.0,304.0,304.0,304.0,304.0,304.0,304.0,304.0,304.0,304.0,304.0,304.0,304.0,304.0,304.0,304.0,304.0,304.0,304.0,304.0,304.0,304.0,304.0,304.0,304.0,304.0,304.0,304.0,304.0,304.0,304.0,304.0,304.0,304.0,304.0,304.0,304.0,304.0,304.0,304.0,304.0,304.0,304.0,304.0,304.0,304.0
0.5826746421704764,-0.6403393658253731,304.0,304.0,304.0,304.0,304.0,304.0,304.0,304.0,304.0,304.0,304.0,304.0,304.0,304.0,304.0,304.0,304.0,304.0,304.0,304.0,304.0,304.0,304.0,304.0,304.0,304.0,304.0,304.0,304.0,304.0,304.0,304.0,304.0,304.0,304.0,304.0,304.0,304.0,304.0,304.0,304.0,304.0,304.0,304.0,304.0,304.0,304.0,304.0,304.0,304.0
0.5669270912808618,-0.6640522476882229,304.0,304.0,304.0,304.0,304.0,304.0,304.0,304.0,304.0,304.0,304.0,304.0,304.0,304.0,304.0,304.0,304.0,304.0,304.0,304.0,304.0,304.0,304.0,304.0,304.0,304.0,304.0,304.0,304.0,304.0,304.0,304.0,304.0,304.0,304.0,304.0,304.0,304.0,304.0,304.0,304.0,304.0,304.0,304.0,304.0,304.0,304.0,304.0,304.0,304.0
0.5826746421704764,-0.6640522476882229,304.0,304.0,304.0,304.0,304.0,304.0,304.0,304.0,304.0,304.0,304.0,304.0,304.0,304.0,304.0,304.0,304.0,304.0,304.0,304.0,304.0,304.0,304.0,304.0,304.0,304.0,304.0,304.0,304.0,304.0,304.0,304.0,304.0,304.0,304.0,304.0,304.0,304.0,304.0,304.0,304.0,304.0,304.0,304.0,304.0,304.0,304.0,304.0,304.0,304.0
0.5944853053376873,0,304.0,304.0,304.0,304.0,304.0,304.0,304.0,319.0,304.0,304.0,304.0,304.0,304.0,304.0,304.0,304.0,304.0,304.0,304.0,304.0,304.0,304.0,304.0,304.0,304.0,304.0,304.0,304.0,304.0,304.0,304.0,304.0,304.0,304.0,304.0,304.0,304.0,304.0,304.0,304.0,304.0,304.0,304.0,304.0,304.0,304.0,304.0,304.0,304.0,304.0
0.5944853053376873,-0.6166264839625233,304.0,304.0,304.0,304.0,304.0,304.0,304.0,304.0,304.0,304.0,304.0,304.0,304.0,304.0,304.0,304.0,304.0,304.0,304.0,304.0,304.0,304.0,304.0,304.0,304.0,304.0,304.0,304.0,304.0,304.0,304.0,304.0,304.0,304.0,304.0,304.0,304.0,304.0,304.0,304.0,304.0,304.0,304.0,304.0,304.0,304.0,304.0,304.0,304.0,304.0
0.5944853053376873,0,304.0,304.0,304.0,304.0,304.0,304.0,304.0,304.0,304.0,304.0,304.0,304.0,304.0,304.0,304.0,304.0,304.0,304.0,304.0,304.0,304.0,304.0,304.0,304.0,304.0,304.0,304.0,304.0,304.0,304.0,304.0,304.0,304.0,304.0,304.0,304.0,304.0,304.0,304.0,304.0,304.0,304.0,304.0,304.0,304.0,304.0,304.0,304.0,304.0,304.0
0.6220435193945127,-0.18976409192175053,304.0,304.0,304.0,304.0,304.0,393.0,304.0,304.0,304.0,304.0,304.0,304.0,304.0,304.0,304.0,304.0,304.0,304.0,304.0,304.0,304.0,304.0,304.0,304.0,304.0,304.0,304.0,304.0,304.0,304.0,304.0,304.0,304.0,304.0,304.0,304.0,304.0,304.0,304.0,304.0,304.0,304.0,304.0,304.0,304.0,304.0,304.0,304.0,304.0,304.0
0.6102328562273018,0,304.0,304.0,304.0,304.0,304.0,304.0,304.0,304.0,304.0,304.0,304.0,304.0,304.0,304.0,304.0,304.0,304.0,304.0,304.0,304.0,304.0,304.0,304.0,304.0,304.0,304.0,304.0,304.0,304.0,304.0,304.0,304.0,304.0,304.0,304.0,304.0,304.0,304.0,304.0,304.0,304.0,304.0,304.0,304.0,304.0,304.0,304.0,304.0,304.0,304.0
0.6102328562273018,-0.4190191351054415,304.0,304.0,304.0,304.0,304.0,304.0,304.0,304.0,304.0,304.0,304.0,304.0,304.0,304.0,304.0,304.0,304.0,304.0,304.0,304.0,304.0,304.0,304.0,304.0,304.0,304.0,304.0,304.0,304.0,304.0,304.0,304.0,304.0,304.0,304.0,304.0,304.0,304.0,304.0,304.0,304.0,304.0,304.0,304.0,304.0,304.0,304.0,304.0,304.0,304.0
0.6102328562273018,0,304.0,304.0,304.0,304.0,304.0,304.0,304.0,304.0,304.0,304.0,304.0,304.0,304.0,304.0,304.0,304.0,304.0,304.0,304.0,304.0,304.0,304.0,304.0,304.0,304.0,304.0,304.0,304.0,304.0,304.0,304.0,304.0,304.0,304.0,304.0,304.0,304.0,304.0,304.0,304.0,304.0,304.0,304.0,304.0,304.0,304.0,304.0,304.0,304.0,304.0
0.6535386211737418,0,304.0,304.0,304.0,304.0,304.0,304.0,304.0,304.0,304.0,304.0,304.0,304.0,304.0,304.0,304.0,304.0,304.0,304.0,304.0,304.0,304.0,304.0,304.0,304.0,304.0,304.0,304.0,304.0,304.0,304.0,304.0,304.0,304.0,304.0,304.0,304.0,304.0,304.0,304.0,304.0,304.0,304.0,304.0,304.0,304.0,304.0,304.0,304.0,304.0,304.0
0.6810968352305673,0,304.0,304.0,304.0,304.0,304.0,304.0,304.0,304.0,304.0,304.0,304.0,304.0,304.0,304.0,304.0,304.0,304.0,304.0,304.0,304.0,304.0,304.0,304.0,304.0,304.0,304.0,304.0,304.0,304.0,304.0,304.0,304.0,304.0,304.0,304.0,304.0,304.0,304.0,304.0,304.0,304.0,304.0,304.0,304.0,304.0,304.0,304.0,304.0,304.0,304.0
0.6810968352305673,0.4031495101779229,304.0,304.0,304.0,304.0,304.0,304.0,304.0,304.0,304.0,304.0,304.0,304.0,304.0,304.0,304.0,304.0,304.0,304.0,304.0,304.0,304.0,304.0,304.0,304.0,304.0,304.0,304.0,304.0,304.0,304.0,304.0,304.0,304.0,304.0,304.0,304.0,304.0,304.0,304.0,304.0,304.0,304.0,304.0,304.0,304.0,304.0,304.0,304.0,304.0,304.0
0.6653492843409528,1.0,304.0,304.0,304.0,126.0,304.0,304.0,80.0,71.0,65.0,304.0,304.0,304.0,304.0,304.0,304.0,304.0,72.0,76.0,86.0,304.0,304.0,160.0,239.0,304.0,304.0,304.0,304.0,304.0,304.0,304.0,304.0,304.0,304.0,304.0,304.0,304.0,304.0,304.0,304.0,304.0,304.0,304.0,304.0,304.0,304.0,304.0,304.0,304.0,304.0,304.0
0.6377910702841273,0,304.0,243.0,162.0,120.0,96.0,82.0,74.0,66.0,60.0,56.0,56.0,54.0,54.0,56.0,57.0,59.0,65.0,70.0,80.0,92.0,112.0,146.0,226.0,304.0,304.0,304.0,304.0,304.0,304.0,304.0,304.0,304.0,304.0,304.0,304.0,304.0,304.0,304.0,304.0,304.0,304.0,304.0,304.0,304.0,304.0,304.0,304.0,304.0,304.0,304.0
0.6653492843409528,1.0,304.0,259.0,178.0,136.0,113.0,96.0,87.0,79.0,74.0,72.0,70.0,68.0,70.0,70.0,73.0,78.0,83.0,92.0,105.0,125.0,156.0,215.0,304.0,304.0,101.0,304.0,304.0,304.0,304.0,304.0,304.0,304.0,304.0,304.0,304.0,304.0,304.0,304.0,304.0,304.0,304.0,304.0,304.0,304.0,304.0,304.0,304.0,304.0,304.0,304.0
0.6653492843409528,1.0,304.0,290.0,209.0,163.0,137.0,119.0,108.0,99.0,93.0,89.0,88.0,88.0,90.0,92.0,96.0,102.0,112.0,126.0,304.0,304.0,304.0,304.0,304.0,24.0,14.0,14.0,304.0,304.0,304.0,304.0,304.0,304.0,304.0,304.0,304.0,304.0,304.0,304.0,304.0,304.0,304.0,304.0,304.0,304.0,304.0,304.0,304.0,304.0,304.0,304.0
0.6377910702841273,0,3.0,3.0,3.0,3.0,3.0,2.0,2.0,2.0,2.0,3.0,3.0,3.0,3.0,4.0,4.0,5.0,6.0,7.0,7.0,8.0,304.0,304.0,304.0,304.0,304.0,304.0,304.0,304.0,304.0,304.0,304.0,304.0,304.0,304.0,304.0,304.0,304.0,304.0,304.0,304.0,304.0,304.0,304.0,304.0,304.0,304.0,304.0,3.0,3.0,3.0
0.6377910702841273,0,304.0,304.0,304.0,304.0,304.0,304.0,304.0,304.0,304.0,52.0,50.0,48.0,50.0,50.0,53.0,57.0,63.0,72.0,83.0,104.0,142.0,219.0,304.0,304.0,304.0,304.0,304.0,304.0,304.0,304.0,304.0,304.0,304.0,304.0,304.0,304.0,304.0,304.0,304.0,304.0,304.0,304.0,304.0,304.0,304.0,304.0,304.0,304.0,304.0,304.0
0.6377910702841273,0.5691396832178717,304.0,304.0,107.0,304.0,80.0,304.0,68.0,61.0,304.0,56.0,54.0,54.0,56.0,58.0,61.0,65.0,74.0,85.0,105.0,135.0,191.0,304.0,304.0,304.0,304.0,304.0,304.0,304.0,304.0,304.0,304.0,304.0,304.0,304.0,304.0,304.0,304.0,304.0,304.0,304.0,304.0,304.0,304.0,304.0,304.0,304.0,304.0,304.0,304.0,304.0
0.6102328562273018,0,304.0,304.0,304.0,304.0,304.0,304.0,304.0,304.0,304.0,304.0,304.0,304.0,304.0,304.0,304.0,304.0,304.0,304.0,304.0,304.0,304.0,304.0,304.0,304.0,304.0,304.0,304.0,304.0,304.0,304.0,304.0,304.0,304.0,304.0,304.0,304.0,304.0,304.0,304.0,304.0,304.0,304.0,304.0,304.0,304.0,304.0,304.0,304.0,304.0,304.0
0.6929074983977783,0.14227729117709892,304.0,304.0,304.0,304.0,304.0,304.0,304.0,304.0,304.0,304.0,304.0,304.0,304.0,304.0,304.0,304.0,304.0,304.0,304.0,304.0,304.0,304.0,304.0,304.0,304.0,304.0,304.0,304.0,304.0,304.0,304.0,304.0,304.0,304.0,304.0,304.0,304.0,304.0,304.0,304.0,304.0,304.0,304.0,304.0,304.0,304.0,304.0,304.0,304.0,304.0
0.6377910702841273,0,301.0,304.0,304.0,144.0,128.0,117.0,109.0,104.0,304.0,96.0,304.0,304.0,304.0,304.0,304.0,304.0,304.0,304.0,304.0,304.0,304.0,201.0,232.0,304.0,304.0,304.0,304.0,304.0,304.0,304.0,304.0,304.0,304.0,304.0,304.0,304.0,304.0,304.0,304.0,304.0,304.0,304.0,304.0,304.0,304.0,304.0,304.0,304.0,304.0,301.0
0.6653492843409528,-0.347880489516892,304.0,304.0,304.0,173.0,151.0,134.0,123.0,114.0,109.0,107.0,304.0,304.0,304.0,304.0,304.0,304.0,304.0,304.0,304.0,304.0,175.0,192.0,221.0,271.0,304.0,304.0,304.0,304.0,304.0,304.0,304.0,304.0,304.0,304.0,304.0,304.0,304.0,304.0,304.0,304.0,304.0,304.0,304.0,304.0,304.0,304.0,304.0,304.0,304.0,304.0
0.6653492843409528,0,304.0,304.0,236.0,198.0,170.0,149.0,137.0,130.0,304.0,304.0,304.0,304.0,304.0,304.0,304.0,304.0,304.0,304.0,133.0,138.0,149.0,166.0,191.0,304.0,304.0,304.0,304.0,304.0,304.0,304.0,304.0,304.0,304.0,304.0,304.0,304.0,304.0,304.0,304.0,304.0,304.0,304.0,304.0,304.0,304.0,304.0,304.0,304.0,304.0,304.0
0.6929074983977783,0,304.0,304.0,304.0,175.0,149.0,133.0,123.0,304.0,112.0,304.0,304.0,304.0,304.0,304.0,304.0,304.0,304.0,304.0,304.0,304.0,166.0,183.0,207.0,304.0,304.0,304.0,304.0,304.0,304.0,304.0,304.0,304.0,304.0,304.0,304.0,304.0,304.0,304.0,304.0,304.0,304.0,304.0,304.0,304.0,304.0,304.0,304.0,304.0,304.0,304.0
0.7795342875453963,0,304.0,245.0,194.0,158.0,137.0,123.0,114.0,107.0,102.0,304.0,304.0,304.0,304.0,304.0,304.0,304.0,304.0,304.0,304.0,304.0,172.0,304.0,304.0,304.0,304.0,304.0,304.0,304.0,304.0,304.0,304.0,304.0,304.0,304.0,304.0,304.0,304.0,304.0,304.0,304.0,304.0,304.0,304.0,304.0,304.0,304.0,304.0,304.0,304.0,304.0
0.7795342875453963,0.5612353892635884,304.0,304.0,179.0,150.0,130.0,119.0,108.0,103.0,100.0,98.0,99.0,304.0,304.0,304.0,304.0,304.0,304.0,304.0,304.0,304.0,182.0,210.0,251.0,304.0,304.0,304.0,304.0,304.0,304.0,304.0,304.0,304.0,304.0,304.0,304.0,304.0,304.0,304.0,304.0,304.0,304.0,304.0,304.0,304.0,304.0,304.0,304.0,304.0,304.0,304.0
0.7637867366557818,0,295.0,304.0,304.0,304.0,113.0,102.0,97.0,91.0,88.0,87.0,89.0,91.0,94.0,304.0,304.0,304.0,304.0,304.0,304.0,304.0,304.0,215.0,258.0,304.0,304.0,304.0,304.0,304.0,304.0,304.0,304.0,304.0,304.0,304.0,304.0,304.0,304.0,304.0,304.0,304.0,304.0,304.0,304.0,304.0,304.0,304.0,304.0,304.0,304.0,295.0
0.8346507156590472,0,304.0,304.0,304.0,168.0,147.0,136.0,304.0,304.0,304.0,304.0,304.0,304.0,304.0,304.0,304.0,304.0,304.0,304.0,304.0,141.0,156.0,178.0,213.0,267.0,304.0,304.0,304.0,304.0,304.0,304.0,304.0,304.0,304.0,304.0,304.0,304.0,304.0,304.0,304.0,304.0,304.0,304.0,304.0,304.0,304.0,304.0,304.0,304.0,304.0,304.0
0.8070925016022217,0,304.0,304.0,304.0,304.0,304.0,304.0,304.0,304.0,304.0,304.0,304.0,304.0,304.0,304.0,304.0,304.0,304.0,304.0,304.0,141.0,153.0,176.0,304.0,304.0,304.0,304.0,304.0,304.0,304.0,304.0,304.0,304.0,304.0,304.0,304.0,304.0,304.0,304.0,304.0,304.0,304.0,304.0,304.0,304.0,304.0,304.0,304.0,304.0,304.0,304.0
0.7795342875453963,0,304.0,304.0,304.0,304.0,304.0,304.0,304.0,304.0,304.0,304.0,304.0,304.0,304.0,304.0,304.0,304.0,304.0,304.0,304.0,304.0,144.0,164.0,304.0,304.0,304.0,304.0,304.0,304.0,304.0,304.0,304.0,304.0,304.0,304.0,304.0,304.0,304.0,304.0,304.0,304.0,304.0,304.0,304.0,304.0,304.0,304.0,304.0,304.0,304.0,304.0
0.7637867366557818,0,304.0,227.0,235.0,304.0,304.0,304.0,304.0,304.0,304.0,304.0,304.0,304.0,304.0,304.0,304.0,304.0,304.0,304.0,304.0,304.0,304.0,155.0,181.0,220.0,293.0,304.0,304.0,304.0,304.0,304.0,304.0,304.0,304.0,304.0,304.0,304.0,304.0,304.0,304.0,304.0,304.0,304.0,304.0,304.0,304.0,304.0,304.0,304.0,304.0,304.0
0.7519760734885708,0,304.0,304.0,304.0,304.0,304.0,304.0,304.0,304.0,304.0,304.0,304.0,304.0,304.0,304.0,304.0,304.0,304.0,304.0,304.0,122.0,304.0,157.0,182.0,225.0,304.0,304.0,304.0,304.0,304.0,304.0,304.0,304.0,304.0,304.0,304.0,304.0,304.0,304.0,304.0,304.0,304.0,304.0,304.0,304.0,304.0,304.0,304.0,304.0,304.0,304.0
0.5826746421704764,0,304.0,304.0,304.0,304.0,304.0,304.0,304.0,304.0,304.0,304.0,304.0,304.0,304.0,304.0,304.0,304.0,96.0,304.0,304.0,122.0,304.0,164.0,194.0,239.0,304.0,304.0,304.0,304.0,304.0,304.0,304.0,304.0,304.0,304.0,304.0,304.0,304.0,304.0,304.0,304.0,304.0,304.0,304.0,304.0,304.0,304.0,304.0,304.0,304.0,304.0
0.5826746421704764,-0.3715933713797418,304.0,304.0,304.0,304.0,304.0,304.0,120.0,304.0,304.0,89.0,304.0,304.0,304.0,304.0,304.0,85.0,87.0,93.0,102.0,113.0,131.0,155.0,188.0,304.0,304.0,304.0,304.0,304.0,304.0,304.0,304.0,304.0,304.0,304.0,304.0,304.0,304.0,304.0,304.0,304.0,304.0,304.0,304.0,304.0,304.0,304.0,304.0,304.0,304.0,304.0
0.5669270912808618,-0.3715933713797418,304.0,304.0,304.0,184.0,304.0,116.0,97.0,86.0,79.0,304.0,304.0,66.0,66.0,66.0,67.0,68.0,72.0,75.0,80.0,92.0,102.0,123.0,150.0,200.0,304.0,304.0,304.0,304.0,304.0,304.0,304.0,304.0,304.0,304.0,304.0,304.0,304.0,304.0,304.0,304.0,304.0,304.0,304.0,304.0,304.0,304.0,304.0,304.0,304.0,304.0
0.5669270912808618,-0.5771050141911069,304.0,304.0,235.0,304.0,304.0,304.0,82.0,73.0,65.0,61.0,58.0,56.0,54.0,54.0,55.0,57.0,58.0,63.0,69.0,79.0,90.0,109.0,137.0,184.0,297.0,304.0,304.0,304.0,304.0,304.0,304.0,304.0,304.0,304.0,304.0,304.0,304.0,304.0,304.0,304.0,304.0,304.0,304.0,304.0,304.0,304.0,304.0,304.0,304.0,304.0
0.5826746421704764,-0.6561479537339396,304.0,304.0,304.0,142.0,109.0,86.0,74.0,66.0,60.0,56.0,54.0,52.0,304.0,304.0,51.0,53.0,54.0,58.0,63.0,70.0,79.0,95.0,122.0,173.0,293.0,304.0,304.0,304.0,304.0,304.0,304.0,304.0,304.0,304.0,304.0,304.0,304.0,304.0,304.0,304.0,304.0,304.0,304.0,304.0,304.0,304.0,304.0,304.0,304.0,304.0
0.5826746421704764,-0.9328287606433302,304.0,304.0,304.0,145.0,104.0,82.0,68.0,61.0,55.0,52.0,50.0,46.0,46.0,46.0,49.0,51.0,304.0,304.0,304.0,64.0,79.0,90.0,304.0,304.0,266.0,304.0,304.0,304.0,304.0,304.0,304.0,304.0,304.0,304.0,304.0,304.0,304.0,304.0,304.0,304.0,304.0,304.0,304.0,304.0,304.0,304.0,304.0,304.0,304.0,304.0
0.5669270912808618,-1.0,304.0,304.0,304.0,304.0,96.0,304.0,304.0,304.0,304.0,304.0,304.0,304.0,304.0,304.0,304.0,304.0,304.0,304.0,304.0,304.0,304.0,304.0,304.0,304.0,304.0,304.0,304.0,304.0,304.0,304.0,304.0,304.0,304.0,304.0,304.0,304.0,304.0,304.0,304.0,304.0,304.0,304.0,304.0,304.0,304.0,304.0,304.0,304.0,304.0,304.0
0.5944853053376873,-1.0,304.0,304.0,304.0,304.0,304.0,304.0,304.0,304.0,304.0,304.0,304.0,304.0,304.0,304.0,304.0,304.0,304.0,304.0,304.0,304.0,304.0,304.0,304.0,304.0,304.0,304.0,304.0,304.0,304.0,304.0,304.0,304.0,304.0,304.0,304.0,304.0,304.0,304.0,304.0,304.0,304.0,304.0,304.0,304.0,304.0,304.0,304.0,304.0,304.0,304.0
0.6377910702841273,-1.0,304.0,304.0,304.0,304.0,304.0,304.0,304.0,304.0,304.0,304.0,304.0,304.0,304.0,304.0,304.0,304.0,304.0,304.0,304.0,304.0,304.0,304.0,304.0,304.0,304.0,304.0,304.0,304.0,304.0,304.0,304.0,304.0,304.0,304.0,304.0,304.0,304.0,304.0,304.0,304.0,304.0,304.0,304.0,304.0,304.0,304.0,304.0,304.0,304.0,304.0
0.6929074983977783,-1.0,304.0,304.0,304.0,304.0,304.0,304.0,103.0,86.0,304.0,304.0,66.0,64.0,64.0,304.0,61.0,63.0,68.0,304.0,75.0,85.0,94.0,304.0,304.0,304.0,304.0,304.0,304.0,304.0,304.0,304.0,304.0,304.0,304.0,304.0,304.0,304.0,304.0,304.0,304.0,304.0,304.0,304.0,304.0,304.0,304.0,304.0,304.0,304.0,304.0,304.0
0.7519760734885708,0,304.0,304.0,304.0,304.0,304.0,304.0,304.0,304.0,304.0,304.0,304.0,304.0,304.0,304.0,304.0,304.0,90.0,304.0,103.0,304.0,131.0,304.0,304.0,304.0,304.0,304.0,304.0,304.0,304.0,304.0,304.0,304.0,304.0,304.0,304.0,304.0,304.0,304.0,304.0,304.0,304.0,304.0,304.0,304.0,304.0,304.0,304.0,304.0,304.0,304.0
0.7519760734885708,0.2687459944456313,304.0,304.0,304.0,304.0,304.0,304.0,323.0,304.0,304.0,304.0,304.0,304.0,304.0,304.0,304.0,304.0,304.0,304.0,304.0,304.0,304.0,201.0,250.0,304.0,304.0,304.0,304.0,304.0,304.0,304.0,304.0,304.0,304.0,304.0,304.0,304.0,304.0,304.0,304.0,304.0,304.0,304.0,304.0,304.0,304.0,304.0,304.0,304.0,304.0,304.0
0.9763786736655782,0,249.0,304.0,304.0,304.0,304.0,304.0,123.0,121.0,304.0,304.0,304.0,304.0,304.0,304.0,304.0,304.0,304.0,304.0,304.0,304.0,304.0,304.0,251.0,304.0,304.0,304.0,304.0,304.0,304.0,304.0,304.0,304.0,304.0,304.0,304.0,304.0,304.0,304.0,304.0,304.0,304.0,304.0,304.0,304.0,304.0,304.0,304.0,304.0,304.0,249.0
0.8503982665486618,-0.15024262215033418,304.0,304.0,304.0,190.0,174.0,304.0,304.0,304.0,304.0,304.0,304.0,304.0,304.0,304.0,304.0,304.0,304.0,304.0,304.0,304.0,304.0,183.0,219.0,285.0,304.0,304.0,304.0,304.0,304.0,304.0,304.0,304.0,304.0,304.0,304.0,304.0,304.0,304.0,304.0,304.0,304.0,304.0,304.0,304.0,304.0,304.0,304.0,304.0,304.0,304.0
0.8661458174382763,0,304.0,304.0,233.0,200.0,178.0,304.0,304.0,304.0,304.0,304.0,304.0,304.0,304.0,304.0,304.0,304.0,304.0,304.0,304.0,304.0,153.0,174.0,213.0,270.0,304.0,304.0,304.0,304.0,304.0,304.0,304.0,304.0,304.0,304.0,304.0,304.0,304.0,304.0,304.0,304.0,304.0,304.0,304.0,304.0,304.0,304.0,304.0,304.0,304.0,304.0
0.8503982665486618,0,304.0,304.0,233.0,200.0,178.0,304.0,335.0,304.0,304.0,304.0,304.0,304.0,304.0,304.0,304.0,304.0,304.0,304.0,304.0,304.0,304.0,192.0,304.0,304.0,304.0,304.0,304.0,304.0,304.0,304.0,304.0,304.0,304.0,304.0,304.0,304.0,304.0,304.0,304.0,304.0,304.0,304.0,304.0,304.0,304.0,304.0,304.0,304.0,304.0,304.0
0.8228400524918362,0,304.0,247.0,200.0,171.0,153.0,139.0,131.0,306.0,304.0,304.0,304.0,304.0,304.0,304.0,304.0,304.0,304.0,304.0,304.0,304.0,304.0,212.0,258.0,304.0,304.0,304.0,304.0,304.0,304.0,304.0,304.0,304.0,304.0,304.0,304.0,304.0,304.0,304.0,304.0,304.0,304.0,304.0,304.0,304.0,304.0,304.0,304.0,304.0,304.0,304.0
0.7952818384350109,0,294.0,214.0,178.0,153.0,137.0,126.0,304.0,311.0,304.0,304.0,304.0,304.0,304.0,304.0,304.0,304.0,304.0,304.0,304.0,304.0,304.0,201.0,255.0,304.0,304.0,304.0,304.0,304.0,304.0,304.0,304.0,304.0,304.0,304.0,304.0,304.0,304.0,304.0,304.0,304.0,304.0,304.0,304.0,304.0,304.0,304.0,304.0,304.0,304.0,294.0
0.7952818384350109,0,270.0,304.0,166.0,142.0,129.0,304.0,304.0,304.0,304.0,304.0,304.0,304.0,304.0,304.0,304.0,304.0,304.0,304.0,304.0,304.0,304.0,304.0,248.0,304.0,304.0,304.0,304.0,304.0,304.0,304.0,304.0,304.0,304.0,304.0,304.0,304.0,304.0,304.0,304.0,304.0,304.0,304.0,304.0,304.0,304.0,304.0,304.0,304.0,304.0,270.0
0.8070925016022217,0,246.0,180.0,154.0,304.0,304.0,304.0,304.0,304.0,304.0,304.0,304.0,304.0,304.0,304.0,304.0,304.0,304.0,304.0,304.0,304.0,160.0,304.0,245.0,304.0,304.0,304.0,304.0,304.0,304.0,304.0,304.0,304.0,304.0,304.0,304.0,304.0,304.0,304.0,304.0,304.0,304.0,304.0,304.0,304.0,304.0,304.0,304.0,304.0,304.0,246.0
0.7519760734885708,0,225.0,304.0,280.0,179.0,304.0,304.0,304.0,304.0,301.0,304.0,304.0,304.0,92.0,304.0,304.0,304.0,304.0,304.0,304.0,135.0,304.0,192.0,245.0,304.0,304.0,304.0,304.0,304.0,304.0,304.0,304.0,304.0,304.0,304.0,304.0,304.0,304.0,304.0,304.0,304.0,304.0,304.0,304.0,304.0,304.0,304.0,304.0,304.0,304.0,225.0
0.6810968352305673,0,304.0,304.0,196.0,304.0,304.0,304.0,304.0,304.0,320.0,304.0,304.0,304.0,88.0,88.0,90.0,93.0,99.0,304.0,115.0,129.0,150.0,183.0,239.0,304.0,304.0,304.0,304.0,304.0,304.0,304.0,304.0,304.0,304.0,304.0,304.0,304.0,304.0,304.0,304.0,304.0,304.0,304.0,304.0,304.0,304.0,304.0,304.0,304.0,304.0,304.0
0.6102328562273018,0,241.0,226.0,304.0,304.0,304.0,304.0,304.0,304.0,304.0,89.0,85.0,304.0,80.0,80.0,82.0,85.0,87.0,94.0,105.0,116.0,134.0,164.0,213.0,306.0,304.0,304.0,304.0,304.0,304.0,304.0,304.0,304.0,304.0,304.0,304.0,304.0,304.0,304.0,304.0,304.0,304.0,304.0,304.0,304.0,304.0,304.0,304.0,304.0,304.0,241.0
0.6220435193945127,0,304.0,304.0,304.0,304.0,157.0,304.0,113.0,304.0,88.0,83.0,79.0,76.0,74.0,74.0,75.0,76.0,81.0,87.0,94.0,107.0,123.0,147.0,188.0,274.0,304.0,304.0,304.0,304.0,304.0,304.0,304.0,304.0,304.0,304.0,304.0,304.0,304.0,304.0,304.0,304.0,304.0,304.0,304.0,304.0,304.0,304.0,304.0,304.0,304.0,304.0
0.5944853053376873,-0.6008178960539567,304.0,304.0,273.0,184.0,141.0,116.0,100.0,89.0,79.0,74.0,68.0,66.0,66.0,66.0,67.0,68.0,72.0,75.0,83.0,92.0,109.0,130.0,162.0,225.0,304.0,304.0,304.0,304.0,304.0,304.0,304.0,304.0,304.0,304.0,304.0,304.0,304.0,304.0,304.0,304.0,304.0,304.0,304.0,304.0,304.0,304.0,304.0,304.0,304.0,304.0
0.5944853053376873,0,304.0,304.0,233.0,152.0,117.0,92.0,80.0,68.0,62.0,56.0,54.0,52.0,52.0,52.0,51.0,53.0,56.0,60.0,64.0,70.0,80.0,100.0,124.0,173.0,273.0,304.0,304.0,304.0,304.0,304.0,304.0,304.0,304.0,304.0,304.0,304.0,304.0,304.0,304.0,304.0,304.0,304.0,304.0,304.0,304.0,304.0,304.0,304.0,304.0,304.0
0.5944853053376873,-0.6008178960539567,304.0,304.0,217.0,147.0,113.0,89.0,77.0,68.0,62.0,56.0,54.0,52.0,50.0,50.0,51.0,53.0,56.0,58.0,64.0,70.0,79.0,95.0,118.0,163.0,268.0,304.0,304.0,304.0,304.0,304.0,304.0,304.0,304.0,304.0,304.0,304.0,304.0,304.0,304.0,304.0,304.0,304.0,304.0,304.0,304.0,304.0,304.0,304.0,304.0,304.0
0.5944853053376873,-0.7510299996948149,304.0,321.0,178.0,120.0,92.0,76.0,62.0,53.0,46.0,43.0,41.0,38.0,38.0,38.0,38.0,40.0,42.0,43.0,48.0,51.0,61.0,72.0,93.0,129.0,203.0,304.0,304.0,304.0,304.0,304.0,304.0,304.0,304.0,304.0,304.0,304.0,304.0,304.0,304.0,304.0,304.0,304.0,304.0,304.0,304.0,304.0,304.0,304.0,304.0,304.0
0.6377910702841273,-0.7747428815576647,304.0,227.0,124.0,88.0,64.0,52.0,45.0,40.0,37.0,34.0,33.0,32.0,32.0,32.0,32.0,34.0,35.0,38.0,42.0,48.0,54.0,65.0,80.0,103.0,172.0,304.0,304.0,304.0,304.0,304.0,304.0,304.0,304.0,304.0,304.0,304.0,304.0,304.0,304.0,304.0,304.0,304.0,304.0,304.0,304.0,304.0,304.0,304.0,304.0,304.0
0.6377910702841273,-0.7984557634205145,304.0,165.0,60.0,35.0,27.0,22.0,19.0,17.0,16.0,15.0,14.0,14.0,14.0,14.0,14.0,14.0,15.0,16.0,18.0,20.0,21.0,26.0,35.0,69.0,304.0,304.0,304.0,304.0,304.0,304.0,304.0,304.0,304.0,304.0,304.0,304.0,304.0,304.0,304.0,304.0,304.0,304.0,304.0,304.0,304.0,304.0,304.0,304.0,304.0,304.0
0.6377910702841273,-0.6166264839625233,304.0,304.0,162.0,72.0,51.0,39.0,31.0,27.0,23.0,21.0,20.0,18.0,18.0,18.0,18.0,19.0,20.0,21.0,23.0,27.0,32.0,39.0,48.0,69.0,110.0,304.0,304.0,304.0,304.0,304.0,304.0,304.0,304.0,304.0,304.0,304.0,304.0,304.0,304.0,304.0,304.0,304.0,304.0,304.0,304.0,304.0,304.0,304.0,304.0,304.0
0.6535386211737418,0,304.0,304.0,281.0,304.0,304.0,293.0,304.0,209.0,212.0,203.0,304.0,304.0,304.0,304.0,304.0,304.0,304.0,304.0,304.0,304.0,304.0,304.0,103.0,304.0,304.0,304.0,304.0,304.0,304.0,304.0,304.0,304.0,304.0,304.0,304.0,304.0,304.0,304.0,304.0,304.0,304.0,304.0,304.0,304.0,304.0,304.0,304.0,304.0,304.0,304.0
0.6653492843409528,-0.41111484115115815,304.0,306.0,225.0,179.0,153.0,135.0,341.0,339.0,304.0,198.0,304.0,304.0,162.0,304.0,304.0,319.0,304.0,304.0,304.0,304.0,304.0,304.0,304.0,193.0,266.0,304.0,304.0,304.0,304.0,304.0,304.0,304.0,304.0,304.0,304.0,304.0,304.0,304.0,304.0,304.0,304.0,304.0,304.0,304.0,304.0,304.0,304.0,304.0,304.0,304.0
0.6653492843409528,0,304.0,290.0,209.0,168.0,141.0,128.0,114.0,109.0,102.0,304.0,304.0,304.0,304.0,162.0,304.0,304.0,295.0,304.0,304.0,304.0,304.0,304.0,304.0,304.0,263.0,304.0,304.0,304.0,304.0,304.0,304.0,304.0,304.0,304.0,304.0,304.0,304.0,304.0,304.0,304.0,304.0,304.0,304.0,304.0,304.0,304.0,304.0,304.0,304.0,304.0
0.7244026001770074,0,304.0,215.0,162.0,131.0,113.0,102.0,91.0,86.0,81.0,78.0,78.0,78.0,80.0,304.0,90.0,304.0,250.0,399.0,304.0,304.0,304.0,304.0,304.0,304.0,304.0,304.0,304.0,304.0,304.0,304.0,304.0,304.0,304.0,304.0,304.0,304.0,304.0,304.0,304.0,304.0,304.0,304.0,304.0,304.0,304.0,304.0,304.0,304.0,304.0,304.0
0.6929074983977783,0.21341593676564838,261.0,165.0,123.0,104.0,88.0,79.0,73.0,68.0,65.0,63.0,64.0,62.0,64.0,68.0,71.0,76.0,87.0,99.0,118.0,304.0,304.0,304.0,304.0,304.0,304.0,304.0,304.0,304.0,304.0,304.0,304.0,304.0,304.0,304.0,304.0,304.0,304.0,304.0,304.0,304.0,304.0,304.0,304.0,304.0,304.0,304.0,304.0,304.0,304.0,261.0
0.7519760734885708,0,173.0,118.0,91.0,78.0,71.0,62.0,57.0,53.0,51.0,50.0,50.0,52.0,54.0,54.0,57.0,63.0,72.0,82.0,102.0,132.0,304.0,304.0,304.0,304.0,304.0,304.0,304.0,304.0,304.0,304.0,304.0,304.0,304.0,304.0,304.0,304.0,304.0,304.0,304.0,304.0,304.0,304.0,304.0,304.0,304.0,304.0,304.0,304.0,304.0,173.0
0.7952818384350109,0.41105380413220616,137.0,113.0,83.0,67.0,60.0,56.0,54.0,50.0,48.0,48.0,47.0,48.0,50.0,52.0,55.0,59.0,69.0,87.0,102.0,135.0,304.0,304.0,304.0,304.0,304.0,304.0,304.0,304.0,304.0,304.0,304.0,304.0,304.0,304.0,304.0,304.0,304.0,304.0,304.0,304.0,304.0,304.0,304.0,304.0,304.0,304.0,304.0,304.0,304.0,137.0
0.7637867366557818,0.5612353892635884,173.0,133.0,107.0,94.0,84.0,79.0,74.0,71.0,69.0,69.0,66.0,70.0,72.0,78.0,304.0,93.0,304.0,304.0,304.0,304.0,304.0,304.0,304.0,304.0,304.0,304.0,304.0,304.0,304.0,304.0,304.0,304.0,304.0,304.0,304.0,304.0,304.0,304.0,304.0,304.0,304.0,304.0,304.0,304.0,304.0,304.0,304.0,304.0,304.0,173.0
0.7795342875453963,0,249.0,189.0,154.0,133.0,117.0,106.0,101.0,96.0,93.0,304.0,91.0,293.0,222.0,304.0,304.0,272.0,304.0,304.0,304.0,304.0,304.0,304.0,304.0,304.0,304.0,304.0,304.0,304.0,304.0,304.0,304.0,304.0,304.0,304.0,304.0,304.0,304.0,304.0,304.0,304.0,304.0,304.0,304.0,304.0,304.0,304.0,304.0,304.0,304.0,249.0
0.8228400524918362,0,306.0,227.0,187.0,160.0,141.0,129.0,121.0,304.0,193.0,304.0,310.0,304.0,304.0,196.0,304.0,304.0,304.0,304.0,304.0,304.0,304.0,193.0,304.0,274.0,304.0,304.0,304.0,304.0,304.0,304.0,304.0,304.0,304.0,304.0,304.0,304.0,304.0,304.0,304.0,304.0,304.0,304.0,304.0,304.0,304.0,304.0,304.0,304.0,304.0,306.0
0.7952818384350109,0,304.0,251.0,202.0,172.0,153.0,304.0,304.0,122.0,304.0,304.0,304.0,304.0,304.0,304.0,304.0,304.0,304.0,304.0,304.0,304.0,304.0,304.0,304.0,304.0,304.0,304.0,304.0,304.0,304.0,304.0,304.0,304.0,304.0,304.0,304.0,304.0,304.0,304.0,304.0,304.0,304.0,304.0,304.0,304.0,304.0,304.0,304.0,304.0,304.0,304.0
0.7952818384350109,0,304.0,260.0,209.0,179.0,158.0,144.0,134.0,127.0,304.0,304.0,304.0,304.0,304.0,304.0,304.0,304.0,304.0,304.0,137.0,147.0,160.0,183.0,211.0,262.0,304.0,304.0,304.0,304.0,304.0,304.0,304.0,304.0,304.0,304.0,304.0,304.0,304.0,304.0,304.0,304.0,304.0,304.0,304.0,304.0,304.0,304.0,304.0,304.0,304.0,304.0
0.7952818384350109,0,304.0,265.0,213.0,179.0,157.0,143.0,134.0,304.0,304.0,253.0,304.0,304.0,304.0,304.0,304.0,304.0,304.0,304.0,134.0,144.0,156.0,304.0,201.0,246.0,304.0,304.0,304.0,304.0,304.0,304.0,304.0,304.0,304.0,304.0,304.0,304.0,304.0,304.0,304.0,304.0,304.0,304.0,304.0,304.0,304.0,304.0,304.0,304.0,304.0,304.0
0.7952818384350109,0,304.0,267.0,214.0,180.0,158.0,144.0,134.0,304.0,304.0,344.0,304.0,304.0,304.0,304.0,304.0,304.0,304.0,304.0,132.0,141.0,153.0,173.0,304.0,304.0,304.0,304.0,304.0,304.0,304.0,304.0,304.0,304.0,304.0,304.0,304.0,304.0,304.0,304.0,304.0,304.0,304.0,304.0,304.0,304.0,304.0,304.0,304.0,304.0,304.0,304.0
0.7795342875453963,0,304.0,274.0,218.0,184.0,161.0,146.0,304.0,304.0,304.0,354.0,304.0,304.0,304.0,304.0,304.0,304.0,304.0,304.0,133.0,141.0,153.0,173.0,304.0,304.0,304.0,304.0,304.0,304.0,304.0,304.0,304.0,304.0,304.0,304.0,304.0,304.0,304.0,304.0,304.0,304.0,304.0,304.0,304.0,304.0,304.0,304.0,304.0,304.0,304.0,304.0
0.7795342875453963,0,304.0,281.0,223.0,188.0,166.0,304.0,304.0,304.0,304.0,366.0,304.0,304.0,304.0,304.0,304.0,304.0,304.0,304.0,304.0,141.0,153.0,170.0,200.0,304.0,304.0,304.0,304.0,304.0,304.0,304.0,304.0,304.0,304.0,304.0,304.0,304.0,304.0,304.0,304.0,304.0,304.0,304.0,304.0,304.0,304.0,304.0,304.0,304.0,304.0,304.0
0.7795342875453963,0,304.0,290.0,233.0,195.0,173.0,304.0,304.0,304.0,304.0,304.0,304.0,304.0,304.0,304.0,304.0,304.0,304.0,304.0,304.0,142.0,154.0,173.0,200.0,304.0,304.0,304.0,304.0,304.0,304.0,304.0,304.0,304.0,304.0,304.0,304.0,304.0,304.0,304.0,304.0,304.0,304.0,304.0,304.0,304.0,304.0,304.0,304.0,304.0,304.0,304.0
0.7795342875453963,0,304.0,297.0,233.0,200.0,304.0,304.0,304.0,375.0,304.0,304.0,304.0,304.0,304.0,304.0,304.0,304.0,304.0,304.0,129.0,141.0,153.0,304.0,304.0,304.0,304.0,304.0,304.0,304.0,304.0,304.0,304.0,304.0,304.0,304.0,304.0,304.0,304.0,304.0,304.0,304.0,304.0,304.0,304.0,304.0,304.0,304.0,304.0,304.0,304.0,304.0
0.7637867366557818,0,304.0,306.0,240.0,304.0,304.0,304.0,304.0,304.0,304.0,304.0,304.0,304.0,304.0,304.0,304.0,102.0,304.0,111.0,304.0,304.0,148.0,304.0,304.0,304.0,304.0,304.0,304.0,304.0,304.0,304.0,304.0,304.0,304.0,304.0,304.0,304.0,304.0,304.0,304.0,304.0,304.0,304.0,304.0,304.0,304.0,304.0,304.0,304.0,304.0,304.0
0.7244026001770074,0,304.0,306.0,304.0,304.0,304.0,304.0,304.0,304.0,304.0,304.0,304.0,304.0,304.0,304.0,92.0,304.0,304.0,102.0,110.0,122.0,138.0,304.0,304.0,304.0,304.0,304.0,304.0,304.0,304.0,304.0,304.0,304.0,304.0,304.0,304.0,304.0,304.0,304.0,304.0,304.0,304.0,304.0,304.0,304.0,304.0,304.0,304.0,304.0,304.0,304.0
0.6929074983977783,0,304.0,304.0,304.0,304.0,304.0,304.0,304.0,304.0,304.0,304.0,304.0,304.0,84.0,304.0,84.0,304.0,90.0,92.0,99.0,110.0,123.0,146.0,304.0,304.0,304.0,304.0,304.0,304.0,304.0,304.0,304.0,304.0,304.0,304.0,304.0,304.0,304.0,304.0,304.0,304.0,304.0,304.0,304.0,304.0,304.0,304.0,304.0,304.0,304.0,304.0
0.6220435193945127,0,304.0,304.0,304.0,304.0,304.0,304.0,304.0,304.0,304.0,304.0,304.0,304.0,76.0,304.0,75.0,76.0,81.0,84.0,88.0,98.0,109.0,304.0,304.0,304.0,304.0,304.0,304.0,304.0,304.0,304.0,304.0,304.0,304.0,304.0,304.0,304.0,304.0,304.0,304.0,304.0,304.0,304.0,304.0,304.0,304.0,304.0,304.0,304.0,304.0,304.0
0.6220435193945127,-0.28461561937314983,304.0,304.0,304.0,304.0,304.0,304.0,103.0,91.0,81.0,74.0,70.0,66.0,66.0,64.0,65.0,67.0,72.0,72.0,77.0,85.0,94.0,304.0,304.0,304.0,304.0,304.0,304.0,304.0,304.0,304.0,304.0,304.0,304.0,304.0,304.0,304.0,304.0,304.0,304.0,304.0,304.0,304.0,304.0,304.0,304.0,304.0,304.0,304.0,304.0,304.0
0.6377910702841273,-0.22138126773888364,304.0,304.0,304.0,163.0,121.0,92.0,77.0,66.0,58.0,54.0,50.0,48.0,46.0,46.0,47.0,48.0,49.0,50.0,56.0,61.0,68.0,304.0,304.0,304.0,304.0,304.0,304.0,304.0,304.0,304.0,304.0,304.0,304.0,304.0,304.0,304.0,304.0,304.0,304.0,304.0,304.0,304.0,304.0,304.0,304.0,304.0,304.0,304.0,304.0,304.0
0.6377910702841273,-0.5059663686025575,304.0,304.0,304.0,158.0,113.0,86.0,74.0,63.0,55.0,52.0,47.0,46.0,44.0,43.0,43.0,44.0,44.0,48.0,50.0,54.0,61.0,72.0,86.0,110.0,304.0,304.0,304.0,304.0,304.0,304.0,304.0,304.0,304.0,304.0,304.0,304.0,304.0,304.0,304.0,304.0,304.0,304.0,304.0,304.0,304.0,304.0,304.0,304.0,304.0,304.0
0.6535386211737418,-0.6640522476882229,304.0,304.0,210.0,110.0,76.0,59.0,48.0,40.0,37.0,32.0,31.0,30.0,30.0,28.0,28.0,29.0,29.0,31.0,32.0,35.0,37.0,45.0,304.0,304.0,304.0,304.0,304.0,304.0,304.0,304.0,304.0,304.0,304.0,304.0,304.0,304.0,304.0,304.0,304.0,304.0,304.0,304.0,304.0,304.0,304.0,304.0,304.0,304.0,304.0,304.0
0.6653492843409528,0,304.0,304.0,146.0,78.0,47.0,36.0,28.0,22.0,20.0,20.0,16.0,16.0,20.0,20.0,304.0,174.0,304.0,19.0,304.0,304.0,304.0,35.0,304.0,304.0,304.0,304.0,304.0,304.0,304.0,304.0,304.0,304.0,304.0,304.0,304.0,304.0,304.0,304.0,304.0,304.0,304.0,304.0,304.0,304.0,304.0,304.0,304.0,304.0,304.0,304.0
0.6653492843409528,-0.6166264839625233,304.0,304.0,209.0,126.0,88.0,66.0,54.0,45.0,41.0,39.0,35.0,34.0,32.0,32.0,32.0,32.0,33.0,33.0,37.0,41.0,46.0,54.0,67.0,304.0,304.0,304.0,304.0,304.0,304.0,304.0,304.0,304.0,304.0,304.0,304.0,304.0,304.0,304.0,304.0,304.0,304.0,304.0,304.0,304.0,304.0,304.0,304.0,304.0,304.0,304.0
0.6377910702841273,-0.6640522476882229,304.0,304.0,304.0,158.0,109.0,82.0,74.0,304.0,304.0,304.0,333.0,44.0,44.0,40.0,41.0,42.0,44.0,48.0,361.0,52.0,57.0,67.0,84.0,107.0,304.0,304.0,304.0,304.0,304.0,304.0,304.0,304.0,304.0,304.0,304.0,304.0,304.0,304.0,304.0,304.0,304.0,304.0,304.0,304.0,304.0,304.0,304.0,304.0,304.0,304.0
0.6377910702841273,-0.3241370891445662,304.0,304.0,304.0,304.0,304.0,99.0,80.0,66.0,55.0,52.0,50.0,304.0,318.0,304.0,45.0,345.0,44.0,48.0,304.0,56.0,60.0,72.0,86.0,304.0,304.0,304.0,304.0,304.0,304.0,304.0,304.0,304.0,304.0,304.0,304.0,304.0,304.0,304.0,304.0,304.0,304.0,304.0,304.0,304.0,304.0,304.0,304.0,304.0,304.0,304.0
0.6653492843409528,-0.2609027375103,304.0,304.0,304.0,304.0,304.0,304.0,304.0,304.0,304.0,304.0,304.0,304.0,304.0,304.0,304.0,304.0,304.0,304.0,304.0,304.0,304.0,304.0,304.0,304.0,304.0,304.0,304.0,304.0,304.0,304.0,304.0,304.0,304.0,304.0,304.0,304.0,304.0,304.0,304.0,304.0,304.0,304.0,304.0,304.0,304.0,304.0,304.0,304.0,304.0,304.0
0.6377910702841273,0,304.0,304.0,304.0,304.0,304.0,304.0,304.0,304.0,304.0,304.0,304.0,304.0,304.0,304.0,304.0,304.0,304.0,304.0,304.0,304.0,304.0,304.0,304.0,304.0,304.0,304.0,304.0,304.0,304.0,304.0,304.0,304.0,304.0,304.0,304.0,304.0,304.0,304.0,304.0,304.0,304.0,304.0,304.0,304.0,304.0,304.0,304.0,304.0,304.0,304.0
0.6377910702841273,0,304.0,304.0,304.0,304.0,304.0,304.0,304.0,304.0,304.0,304.0,304.0,304.0,304.0,304.0,304.0,304.0,304.0,304.0,304.0,304.0,304.0,304.0,304.0,304.0,304.0,304.0,304.0,304.0,304.0,304.0,304.0,304.0,304.0,304.0,304.0,304.0,304.0,304.0,304.0,304.0,304.0,304.0,304.0,304.0,304.0,304.0,304.0,304.0,304.0,304.0
0.2834559160130619,0,304.0,304.0,304.0,304.0,304.0,304.0,304.0,304.0,304.0,304.0,304.0,304.0,304.0,304.0,304.0,304.0,304.0,304.0,304.0,304.0,304.0,304.0,304.0,304.0,304.0,304.0,304.0,304.0,304.0,304.0,304.0,304.0,304.0,304.0,304.0,304.0,304.0,304.0,304.0,304.0,304.0,304.0,304.0,304.0,304.0,304.0,304.0,304.0,304.0,304.0
0.0,0,313.0,304.0,304.0,304.0,304.0,304.0,304.0,304.0,304.0,304.0,304.0,304.0,304.0,304.0,304.0,304.0,304.0,304.0,304.0,304.0,304.0,304.0,304.0,304.0,304.0,304.0,304.0,304.0,304.0,304.0,304.0,304.0,304.0,304.0,304.0,304.0,304.0,304.0,304.0,304.0,304.0,304.0,304.0,304.0,304.0,304.0,304.0,304.0,304.0,313.0
0.0,0,304.0,304.0,304.0,304.0,304.0,304.0,304.0,304.0,304.0,304.0,304.0,304.0,304.0,304.0,304.0,304.0,304.0,304.0,304.0,141.0,160.0,304.0,304.0,304.0,304.0,304.0,304.0,304.0,304.0,304.0,304.0,304.0,304.0,304.0,304.0,304.0,304.0,304.0,304.0,304.0,304.0,304.0,304.0,304.0,304.0,304.0,304.0,304.0,304.0,304.0
0.0,0,303.0,304.0,304.0,304.0,304.0,304.0,131.0,304.0,304.0,304.0,304.0,304.0,88.0,88.0,304.0,304.0,304.0,304.0,304.0,304.0,145.0,170.0,213.0,283.0,304.0,304.0,304.0,304.0,304.0,304.0,304.0,304.0,304.0,304.0,304.0,304.0,304.0,304.0,304.0,304.0,304.0,304.0,304.0,304.0,304.0,304.0,304.0,304.0,304.0,303.0
0.0,0,302.0,304.0,304.0,304.0,304.0,304.0,304.0,304.0,304.0,304.0,91.0,89.0,304.0,304.0,304.0,304.0,304.0,304.0,304.0,304.0,304.0,304.0,304.0,274.0,304.0,304.0,304.0,304.0,304.0,304.0,304.0,304.0,304.0,304.0,304.0,304.0,304.0,304.0,304.0,304.0,304.0,304.0,304.0,304.0,304.0,304.0,304.0,304.0,304.0,302.0
0.0,0,302.0,304.0,304.0,304.0,304.0,304.0,304.0,304.0,304.0,304.0,91.0,89.0,304.0,304.0,304.0,304.0,304.0,304.0,304.0,304.0,304.0,304.0,212.0,271.0,304.0,304.0,304.0,304.0,304.0,304.0,304.0,304.0,304.0,304.0,304.0,304.0,304.0,304.0,304.0,304.0,304.0,304.0,304.0,304.0,304.0,304.0,304.0,304.0,304.0,302.0
